         w __cxa_begin_cleanup
         w __cxa_call_unexpected
         w __cxa_type_match
         w __deregister_frame_info
         w __gnu_Unwind_Find_exidx
         w __register_frame_info
         w userAppExit
         w userAppInit
00000000 00000802 B __ctru_dev_utf16_buf
00000000 A __sync_synchronize
00000000 b _TLS_MODULE_BASE_
00000000 a shift
00000000 a shift
00000804 00000401 B __ctru_dev_path_buf
00100000 A __start__
00100000 T _start
00100008 T __service_ptr
0010000c T __apt_appid
00100010 T __heap_size
00100014 T __linear_heap_size
00100018 T __system_arglist
0010001c T __system_runflags
00100020 t startup
00100058 t ClearMem
0010006c t ClrLoop
00100094 T _init
001000ac t .udivsi3_skip_div0_test
001000ac T __aeabi_uidiv
001000ac 000001ec T __udivsi3
00100298 00000020 T __aeabi_uidivmod
001002b8 T __aeabi_idiv
001002b8 00000220 T __divsi3
001002c0 t .divsi3_skip_div0_test
001004d8 00000020 T __aeabi_idivmod
001004f8 00000004 W __aeabi_idiv0
001004f8 00000004 W __aeabi_ldiv0
001004fc T __aeabi_drsub
00100504 000002b0 T __aeabi_dsub
00100504 000002b0 T __subdf3
00100508 000002ac T __adddf3
00100508 000002ac T __aeabi_dadd
001007b4 00000024 T __aeabi_ui2d
001007b4 00000024 T __floatunsidf
001007d8 00000028 T __aeabi_i2d
001007d8 00000028 T __floatsidf
00100800 00000048 T __aeabi_f2d
00100800 00000048 T __extendsfdf2
00100848 00000074 T __aeabi_ul2d
00100848 00000074 T __floatundidf
0010085c 00000060 T __aeabi_l2d
0010085c 00000060 T __floatdidf
001008bc 0000019c T __aeabi_frsub
001008c4 00000194 T __aeabi_fsub
001008c4 00000194 T __subsf3
001008c8 00000190 T __addsf3
001008c8 00000190 T __aeabi_fadd
00100a58 00000028 T __aeabi_ui2f
00100a58 00000028 T __floatunsisf
00100a60 00000020 T __aeabi_i2f
00100a60 00000020 T __floatsisf
00100a80 0000008c T __aeabi_ul2f
00100a80 0000008c T __floatundisf
00100a90 0000007c T __aeabi_l2f
00100a90 0000007c T __floatdisf
00100b0c T __aeabi_ldivmod
00100be0 T __aeabi_uldivmod
00100c28 00000390 T strcmp
00100fb0 00000018 T setjmp
00100fc8 0000001c T longjmp
00100fe4 00000014 T __restore_core_regs
00100fe4 00000014 T restore_core_regs
00100ff8 T __gnu_Unwind_Restore_VFP
00101000 T __gnu_Unwind_Save_VFP
00101008 T __gnu_Unwind_Restore_VFP_D
00101010 T __gnu_Unwind_Save_VFP_D
00101018 T __gnu_Unwind_Restore_VFP_D_16_to_31
00101020 T __gnu_Unwind_Save_VFP_D_16_to_31
00101028 T __gnu_Unwind_Restore_WMMXD
0010106c T __gnu_Unwind_Save_WMMXD
001010b0 T __gnu_Unwind_Restore_WMMXC
001010c4 T __gnu_Unwind_Save_WMMXC
001010d8 00000024 T ___Unwind_RaiseException
001010d8 00000024 T _Unwind_RaiseException
001010fc 00000024 T ___Unwind_Resume
001010fc 00000024 T _Unwind_Resume
00101120 00000024 T ___Unwind_Resume_or_Rethrow
00101120 00000024 T _Unwind_Resume_or_Rethrow
00101144 00000024 T ___Unwind_ForcedUnwind
00101144 00000024 T _Unwind_ForcedUnwind
00101168 00000024 T ___Unwind_Backtrace
00101168 00000024 T _Unwind_Backtrace
0010118c t __do_global_dtors_aux
001011dc t frame_dummy
00101208 0000007c T strlcat
00101284 00000018 T strlcpy
0010129c 00000158 T nongnu_strcasestr
001013f4 00000038 T startswith
0010142c 0000004c T endswith
00101478 00000090 T xstrtok
00101508 0000000c t Command_assert
00101514 00000028 t cmp_strlen_desc
0010153c 000000c0 t D_AddFile
001015fc 00000040 T D_PostEvent
0010163c 000002a4 T D_ProcessEvents
001018e0 000013e4 T D_SRB2Loop
00102cc4 00000014 T D_AdvanceDemo
00102cd8 000002dc T D_StartTitle
00102fb4 00000078 T D_Home
0010302c 00000fc8 T D_SRB2Main
00103ff4 000000f8 T D_IsPathAllowed
001040ec 00000044 T D_CheckPathAllowed
00104130 0000009c T deh_warning
001041cc 0000005c T deh_strlcpy
00104228 000001c0 T myfgets
001043e8 00000068 t ignorelines
00104450 000011d0 t DEH_LoadDehackedFile
00105620 00000208 T myhashfgets
00105828 00000068 T ignorelinesuntilhash
00105890 00000078 T DEH_LoadDehackedLumpPwad
00105908 00000010 T DEH_LoadDehackedLump
00105918 000000d4 t findCharacterSlot
001059ec 00000004 T get_number
001059f0 0000004c T clear_emblems
00105a3c 00000040 T clear_unlockables
00105a7c 00000024 T clear_conditionsets
00105aa0 0000008c T clear_levels
00105b2c 00000958 T readPlayer
00106484 00000654 T readfreeslots
00106ad8 00000958 T readthing
00107430 000004d8 T readskincolor
00107908 00000710 T readspriteinfo
00108018 00000164 T readsprite2
0010817c 0000097c T readgametype
00108af8 000009d0 T readcutscene
001094c8 0000185c T readtextprompt
0010ad24 00000dd0 T readmenu
0010baf4 000001e0 T readhuditem
0010bcd4 00000278 T readsound
0010bf4c 00000788 T reademblemdata
0010c6d4 00000390 T readextraemblemdata
0010ca64 000007dc T readunlockable
0010d240 00000b7c T readconditionset
0010ddbc 000017e0 T readmaincfg
0010f59c 000009fc T readwipes
0010ff98 00000178 T get_mobjtype
00110110 000023b4 T readlevelheader
001124c4 00000178 T get_state
0011263c 000001c4 T get_skincolor
00112800 000000b4 T get_sprite
001128b4 00000558 T readframe
00112e0c 00000108 T get_sprite2
00112f14 00000154 T get_sfx
00113068 00000120 T get_huditem
00113188 00000104 T get_menutype
0011328c 0000003c t CacheAndPushConstant
001132c8 0000000c t lib_dummysuper
001132d4 000000a0 t action_call
00113374 00000180 t lib_getActionName
001134f4 00001b4c t ScanConstants
00115040 00000330 t lib_getenum
00115370 0000031c t constants_get
0011568c 000000bc T LUA_UpdateSprName
00115748 0000085c t lib_freeslot
00115fa4 0000007c T LUA_EnumLib
00116020 000000f8 T LUA_SOCLib
00116118 00000040 T LUA_GetActionName
00116158 0000010c T LUA_SetActionByName
00116264 00000110 T LUA_GetActionNumByName
00116374 00000004 T DEH_TableCheck
00116378 00000088 T Z_Init
00116400 00000060 T Z_Free
00116460 00000084 T Z_IterateTags
001164e4 000000bc T Z_CheckHeap
001165a0 00000064 T Z_FreeTags
00116604 000000f4 T Z_MallocAlign
001166f8 0000001c T Z_CallocAlign
00116714 000000e4 T Z_ReallocAlign
001167f8 0000042c t Command_Memfree_f
00116c24 00000034 T Z_ChangeTag
00116c58 00000044 T Z_SetUser
00116c9c 00000060 T Z_TagsUsage
00116cfc 0000002c T Z_StrDup
00116d28 00000198 t F_WriteText
00116ec0 00000174 t F_GetPageTextGeometry
00117034 000016f4 t F_LoadAlacroixGraphics
00118728 00000184 t F_DrawContinueCharacter
001188ac 00000170 t F_SkyScroll.part.0
00118a1c 00000124 t F_PreparePageText
00118b40 00000138 t F_StartCustomCutscene.part.0
00118c78 000001ac T F_StartIntro
00118e24 00000c90 T F_IntroDrawer
00119ab4 00000378 T F_IntroTicker
00119e2c 00000080 T F_IntroResponder
00119eac 000000c0 T F_StartCredits
00119f6c 000003dc T F_CreditDrawer
0011a348 00000140 T F_CreditResponder
0011a488 000000d8 T F_StartGameEvaluation
0011a560 0000015c T F_CreditTicker
0011a6bc 00000660 T F_GameEvaluationDrawer
0011ad1c 00000278 T F_GameEvaluationTicker
0011af94 00000358 T F_StartEnding
0011b2ec 0000018c T F_EndingTicker
0011b478 00001550 T F_EndingDrawer
0011c9c8 00000004 T F_GameEndDrawer
0011c9cc 00000024 T F_GameEndTicker
0011c9f0 0000013c T F_InitMenuPresValues
0011cb2c 0000005c T F_SkyScroll
0011cb88 0000059c T F_StartTitleScreen
0011d124 00002bec T F_TitleScreenDrawer
0011fd10 0000002c T F_MenuPresTicker
0011fd3c 00000268 T F_TitleScreenTicker
0011ffa4 00000014 T F_TitleDemoTicker
0011ffb8 00000338 T F_StartContinue
001202f0 0000063c T F_ContinueDrawer
0012092c 000004e8 T F_ContinueTicker
00120e14 000000c8 T F_ContinueResponder
00120edc 000000e8 T F_EndCutScene
00120fc4 00000018 T F_StartCustomCutscene
00120fdc 00000130 T F_CutsceneDrawer
0012110c 00000394 T F_CutsceneTicker
001214a0 00000030 T F_CutsceneResponder
001214d0 00000068 T F_GetPromptHideHudAll
00121538 00000150 T F_GetPromptHideHud
00121688 000000e0 T F_EndTextPrompt
00121768 00000258 T F_StartTextPrompt
001219c0 00000484 T F_GetPromptPageByNamedTag
00121e44 000002a8 t F_AdvanceToNextPage
001220ec 000004fc T F_TextPromptDrawer
001225e8 00000544 T F_TextPromptTicker
00122b2c 00000024 T F_StartWaitingPlayers
00122b50 0000005c T F_WaitingPlayersTicker
00122bac 000000f4 T F_WaitingPlayersDrawer
00122ca0 00000004 T F_WipeStartScreen
00122ca4 00000004 T F_WipeEndScreen
00122ca8 00000008 T F_ShouldColormapFade
00122cb0 0000002c T F_TryColormapFade
00122cdc 00000004 T F_RunWipe
00122ce0 00000008 T F_GetWipeLength
00122ce8 00000008 T F_WipeExists
00122cf0 0000023c t G_CheckDemoExtraFiles.part.0.constprop.0
00122f2c 00000020 T G_SaveMetal
00122f4c 00000040 T G_GhostAddThok
00122f8c 00000040 T G_GhostAddSpin
00122fcc 0000003c T G_GhostAddRev
00123008 0000003c T G_GhostAddFlip
00123044 00000044 T G_GhostAddColor
00123088 00000050 T G_GhostAddScale
001230d8 00000084 T G_GhostAddHit
0012315c 00000ac4 T G_GhostTicker
00123c20 00000094 T G_RecordDemo
00123cb4 00000068 T G_RecordMetal
00123d1c 000005d4 T G_BeginRecording
001242f0 000000e8 T G_BeginMetal
001243d8 0000005c T G_SetDemoTime
00124434 000002dc T G_CmpDemoTime
00124710 00000038 T G_DeferedPlayDemo
00124748 00000cd4 T G_DoPlayDemo
0012541c 00000174 T G_CheckDemoForError
00125590 0000074c T G_AddGhost
00125cdc 0000003c T G_FreeGhosts
00125d18 000000b8 T G_TimeDemo
00125dd0 00000188 T G_DoPlayMetal
00125f58 0000003c T G_LoadMetal
00125f98 0000005c T G_DoneLevelLoad
00125ff4 00000028 T G_StopMetalDemo
0012601c 000000e0 T G_StopMetalRecording
001260fc 000004a4 T G_WriteMetalTic
001265a0 00000074 T G_StopDemo
00126618 000003c0 T G_CheckDemoStatus
001269d8 00000120 T G_ReadDemoTiccmd
00126af8 00000168 T G_WriteDemoTiccmd
00126c60 000005f0 T G_WriteGhostTic
00127250 0000050c T G_ConsGhostTic
0012775c 0000004c T G_ConvertOldFrameFlags
001277a8 000008f0 T G_ReadMetalTic
00128098 00000004 t DirectionChar2_OnChange
0012809c 00000004 t DirectionChar_OnChange
001280a0 000001c8 t G_HandleAxisDeadZone
00128268 00000140 t measurekeywords
001283a8 0000003c t UserAnalog2_OnChange
001283e4 00000028 t UserAnalog_OnChange
0012840c 00000068 t Analog2_OnChange
00128474 00000048 t Analog_OnChange
001284bc 000000c4 t G_CheckSpot
00128580 00000004 t AutoBrake_OnChange
00128584 00000004 t AutoBrake2_OnChange
00128588 00000474 t G_SetMainRecords
001289fc 00000508 t G_SetNightsRecords
00128f04 000001d8 t G_UpdateVisited.part.0
001290dc 00000044 T G_AllocMainRecordData
00129120 00000050 T G_AllocNightsRecordData
00129170 00000050 T G_ClearRecords
001291c0 00000014 T G_GetBestScore
001291d4 00000028 T G_GetBestTime
001291fc 00000014 T G_GetBestRings
00129210 0000001c T G_GetBestNightsScore
0012922c 00000030 T G_GetBestNightsTime
0012925c 0000001c T G_GetBestNightsGrade
00129278 00000098 T G_AddTempNightsRecords
00129310 00000094 T G_SetGameModified
001293a4 00000080 T G_SetUsedCheats
00129424 0000007c T G_BuildMapName
001294a0 00000044 T G_ClipAimingPitch
001294e4 0000004c T G_SoftwareClipAimingPitch
00129530 00000164 T JoyAxis
00129694 00000164 T Joy2Axis
001297f8 00003110 T G_BuildTiccmd
0012c908 00000008 T G_CopyTiccmd
0012c910 0000006c T G_MoveTiccmd
0012c97c 00000338 T G_DoLoadLevel
0012ccb4 000000ec T G_PreLevelTitleCard
0012cda0 0000007c T G_IsTitleCardAvailable
0012ce1c 00000040 T G_StartTitleCard
0012ce5c 00000684 T G_Responder
0012d4e0 00000060 T G_LuaResponder
0012d540 00000544 T G_PlayerReborn
0012da84 000002b0 T G_FindCTFStart
0012dd34 000000f0 T G_FindMatchStart
0012de24 000000c0 T G_FindCoopStart
0012dee4 000001d4 T G_FindMapStart
0012e0b8 000000a8 T G_MovePlayerToSpawnOrStarpost
0012e160 00000058 T G_SpawnPlayer
0012e1b8 00000084 T G_ChangePlayerReferences
0012e23c 0000075c T G_DoReborn
0012e998 00000114 T G_EnoughPlayersFinished
0012eaac 000000c0 T G_ExitLevel
0012eb6c 0000002c T G_SetGametype
0012eb98 00000088 T G_AddGametype
0012ec20 0000011c T G_AddGametypeConstant
0012ed3c 0000006c T G_UpdateGametypeSelections
0012eda8 00000074 T G_SetGametypeDescription
0012ee1c 00000050 T G_AddTOL
0012ee6c 00000014 T G_AddGametypeTOL
0012ee80 00000060 T G_GetGametypeByName
0012eee0 0000005c T G_IsSpecialStage
0012ef3c 00000094 T G_GametypeUsesLives
0012efd0 000002b8 T G_AddPlayer
0012f288 00000020 T G_GametypeUsesCoopLives
0012f2a8 00000014 T G_GametypeUsesCoopStarposts
0012f2bc 00000014 T G_GametypeHasTeams
0012f2d0 00000014 T G_GametypeHasSpectators
0012f2e4 0000002c T G_RingSlingerGametype
0012f310 0000001c T G_PlatformGametype
0012f32c 00000024 T G_CoopGametype
0012f350 00000014 T G_TagGametype
0012f364 00000024 T G_CompetitionGametype
0012f388 00000028 T G_TOLFlag
0012f3b0 0000072c T G_GetNextMap
0012fadc 00000154 T G_AfterIntermission
0012fc30 00000014 T G_NextLevel
0012fc44 00000038 T G_UseContinue
0012fc7c 00000020 T G_Continue
0012fc9c 00000060 T G_EndGame
0012fcfc 00000048 T G_LoadGameSettings
0012fd44 000005a0 T G_LoadGameData
001302e4 000003e4 T G_SaveGameData
001306c8 0000020c T G_LoadGame
001308d4 000001c8 T G_SaveGame
00130a9c 00000358 t G_HandleSaveLevel
00130df4 000002ac T G_SaveGameOver
001310a0 00000b10 T G_Ticker
00131bb0 0000011c T G_DeferedInitNew
00131ccc 00000150 T G_BuildMapTitle
00131e1c 000004e8 T G_InitNew
00132304 00000388 T G_FindMap
0013268c 0000003c T G_FreeMapSearch
001326c8 00000204 T G_FindMapByNameOrCode
001328cc 00000010 T G_SetGamestate
001328dc 00000014 T G_SetExitGameFlag
001328f0 00000014 T G_ClearExitGameFlag
00132904 00000010 T G_GetExitGameFlag
00132914 00000014 T G_SetRetryFlag
00132928 00000014 T G_ClearModeAttackRetryFlag
0013293c 00000010 T G_GetModeAttackRetryFlag
0013294c 00000014 T G_TicsToHours
00132960 00000030 T G_TicsToMinutes
00132990 00000034 T G_TicsToSeconds
001329c4 00000044 T G_TicsToCentiseconds
00132a08 00000044 T G_TicsToMilliseconds
00132a4c 0000012c t G_CheckDoubleUsage.part.0
00132b78 000003e0 t G_FilterKeyByVersion
00132f58 00000428 T G_MapEventsToControls
00133380 00000014 T G_ClearControlKeys
00133394 00000038 T G_ClearAllControlKeys
001333cc 000000b0 T G_KeyNumToName
0013347c 000000c4 T G_KeyNameToNum
00133540 00000204 t setcontrol
00133748 000002d0 T G_DefineDefaultControls
00133a18 00000118 T G_GetControlScheme
00133b30 00000064 T G_CopyControls
00133b94 000000e8 T G_SaveKeySetting
00133c7c 00000020 T G_CheckDoubleUsage
00133c9c 00000034 T Command_Setcontrol_f
00133cd0 00000034 T Command_Setcontrol2_f
00133d04 000000a4 T G_SetMouseDeltas
00133da8 00000088 t AM_activateNewScale
00133e30 000000b8 t AM_changeWindowLoc
00133ee8 0000007c t AM_setWindowPanning
00133f64 000006b8 t AM_clipMline.constprop.0
0013461c 00000170 t AM_drawLineCharacter.constprop.0
0013478c 00000110 t AM_drawFline_soft
0013489c 00000024 T AM_Stop
001348c0 00000560 T AM_Start
00134e20 0000046c T AM_Responder
0013528c 000001fc T AM_Ticker
00135488 00000718 T AM_Drawer
00135ba0 000001f4 t COM_TokenizeString
00135d94 00000060 t COM_Echo_f
00135df4 00000038 t COM_Wait_f
00135e2c 000000f4 t ReadNetVar
00135f20 0000005c t COM_CEchoFlags_f
00135f7c 0000009c t COM_CEcho_f
00136018 00000224 t COM_Find_f
0013623c 00000028 t COM_CEchoDuration_f
00136264 00000124 t COM_Alias_f.part.0
00136388 00000064 t COM_Alias_f
001363ec 000000c4 t ReadOldDemoVar
001364b0 000000b0 t ReadDemoVar
00136560 00000508 t COM_Help_f
00136a68 000006d0 t Setvalue
00137138 000000e4 t Got_NetVar
0013721c 00000110 t CV_LoadVars
0013732c 00000204 t CV_SetCVar
00137530 000000c8 t CV_SetValueMaybeStealth
001375f8 00000064 t CV_EnforceExecVersion
0013765c 000004d8 t CV_AddValue.part.0
00137b34 00000154 t COM_Add_f
00137c88 000000f4 t COM_Toggle_f
00137d7c 00000010 T COM_Argc
00137d8c 00000030 T COM_Argv
00137dbc 0000005c T COM_CheckParm
00137e18 00000068 T COM_CheckPartialParm
00137e80 00000040 T COM_FirstOption
00137ec0 000000ec T COM_AddCommand
00137fac 00000150 T COM_Init
001380fc 000000d8 T COM_AddLuaCommand
001381d4 00000078 T COM_CompleteCommand
0013824c 00000078 T COM_CompleteAlias
001382c4 000000a0 T VS_GetSpace
00138364 000000b8 T COM_BufAddTextEx
0013841c 000000f8 T COM_ExecFile
00138514 000000e8 t COM_Exec_f
001385fc 000000b0 T COM_BufInsertTextEx
001386ac 000009e8 t COM_ExecuteString.part.0
00139094 00000140 T COM_BufExecute
001391d4 00000024 T COM_BufTicker
001391f8 00000128 T COM_ImmedExecute
00139320 00000048 T CV_FindVar
00139368 00000208 T CV_RegisterVar
00139570 00000078 T CV_CompleteVar
001395e8 000000b0 T CV_SaveVars
00139698 00000064 T CV_RevertNetVars
001396fc 0000000c T CV_LoadNetVars
00139708 0000000c T CV_LoadOldDemoVars
00139714 0000000c T CV_LoadDemoVars
00139720 00000048 T CV_ResetCheatNetVars
00139768 0000001c T CV_IsSetToDefault
00139784 00000054 T CV_CheatsEnabled
001397d8 00000008 T CV_StealthSet
001397e0 000000c4 T CV_StealthSetValue
001398a4 00000008 T CV_Set
001398ac 000000c4 T CV_SetValue
00139970 0000000c T CV_AddValue
0013997c 00000024 T CV_InitFilterVar
001399a0 00000010 T CV_ToggleExecVersion
001399b0 0000002c T CV_ClearChangedFlags
001399dc 00000124 T CV_SaveVariables
00139b00 00000064 t CON_ChangeHeight
00139b64 0000004c t CONS_Clear_f
00139bb0 00000094 t CON_Linefeed
00139c44 0000003c t CON_InputClear
00139c80 000002f0 t CON_Print
00139f70 00000274 t CON_RecalcSize
0013a1e4 0000007c t CON_InputDelChar
0013a260 00000094 t CON_InputDelSelection
0013a2f4 00000094 t CON_InputAddChar
0013a388 00000024 t CONS_height_Change
0013a3ac 00000104 T CON_SetupBackColormapEx
0013a4b0 00000014 t CONS_backcolor_Change
0013a4c4 00000028 T CON_SetupBackColormap
0013a4ec 00000678 T CON_Init
0013ab64 0000001c T CON_StartRefresh
0013ab80 0000001c T CON_StopRefresh
0013ab9c 00000024 T CON_ClearHUD
0013abc0 00000064 T CON_ToggleOff
0013ac24 00000010 T CON_Ready
0013ac34 000000c0 T CON_Ticker
0013acf4 000000c4 T CON_LogMessage
0013adb8 00000a38 T CON_Drawer
0013b7f0 000000c4 T CONS_Printf
0013b8b4 00000050 t CONS_hudlines_Change
0013b904 000009a8 T CON_Responder
0013c2ac 000000e4 T CONS_Alert
0013c390 000001b4 t CONS_Bind_f
0013c544 0000007c T CONS_Debug
0013c5c0 00000154 t GetChatColorFromSkinColor
0013c714 00000084 t HU_removeChatText_Mini
0013c798 00000470 t HU_drawChatLog
0013cc08 00000234 t HU_DrawCEcho
0013ce3c 000001dc t HU_Draw32Emeralds
0013d018 00000064 T HU_LoadFontCharacters
0013d07c 00000434 T HU_LoadGraphics
0013d4b0 00000094 T HU_Init
0013d544 00000004 T HU_Start
0013d548 0000016c T HU_AddChatText
0013d6b4 00000290 t DoSayCommand
0013d944 00000070 t Command_CSay_f
0013d9b4 00000058 t Command_Sayteam_f
0013da0c 00000060 t Command_Sayto_f
0013da6c 00000034 t Command_Say_f
0013daa0 000001a8 T HU_Ticker
0013dc48 0000003c T HU_clearChatChars
0013dc84 00000b4c T HU_Responder
0013e7d0 00000214 T HU_drawPing
0013e9e4 000001e8 T HU_DrawEmeralds
0013ebcc 000008c0 T HU_DrawTabRankings
0013f48c 00000ca4 T HU_DrawTeamTabRankings
00140130 00000908 T HU_DrawDualTabRankings
00140a38 00001064 t HU_DrawRankings
00141a9c 00001c5c T HU_Drawer
001436f8 00000014 T HU_ClearCEcho
0014370c 00000018 T HU_SetCEchoDuration
00143724 00000014 T HU_SetCEchoFlags
00143738 00000080 T HU_DoCEcho
001437b8 00000750 t Got_Saycmd
00143f08 00000010 T I_GetTime
00143f18 000000a0 T I_InitializeTime
00143fb8 00000114 T I_UpdateTime
001440cc 00000208 t Y_RescaleScreenBuffer
001442d4 000001b4 t Y_IntermissionTokenDrawer
00144488 000001c8 t Y_CalculateMatchWinners
00144650 0000001c t Y_SetNullBonus
0014466c 0000003c t Y_SetNightsBonus
001446a8 000000f8 t Y_SetPerfectBonus
001447a0 00000070 t Y_SetGuardBonus
00144810 00000418 t Y_CalculateCompetitionWinners
00144c28 00000048 t Y_SetLinkBonus
00144c70 00000040 t Y_SetLapBonus
00144cb0 00000044 t Y_SetRingBonus
00144cf4 00000150 t Y_SetTimeBonus
00144e44 000001a8 t Y_UnloadData
00144fec 000002b0 T Y_LoadIntermissionData
0014529c 000000d4 T Y_ConsiderScreenBuffer
00145370 00000054 T Y_CleanupScreenBuffer
001453c4 000023a8 T Y_IntermissionDrawer
0014776c 000009b8 T Y_Ticker
00148124 000000bc T Y_DetermineIntermissionType
001481e0 00000ef8 T Y_StartIntermission
001490d8 00000048 T Y_EndIntermission
00149120 00000164 t ST_cacheLevelTitle
00149284 00000aa8 t ST_drawLivesArea
00149d2c 00000144 t ST_drawRaceNum
00149e70 000004b4 t ST_drawTime
0014a324 00000134 t ST_drawEmeraldHuntIcon
0014a458 00000b48 t ST_drawInput
0014afa0 0000188c t ST_drawDebugInfo
0014c82c 00000104 t ST_drawScore
0014c930 00000118 t ST_drawWeaponSelect.constprop.0
0014ca48 0000015c t ST_drawWeaponRing.constprop.0
0014cba4 000000b4 t ST_DrawNightsOverlayNum.constprop.0
0014cc58 0000069c t ST_drawNightsRecords
0014d2f4 00000bf8 t ST_drawPowerupHUD
0014deec 00000084 T ST_SameTeam
0014df70 00000098 T ST_doPaletteStuff
0014e008 0000000c T ST_UnloadGraphics
0014e014 000006b4 T ST_LoadGraphics
0014e6c8 000000e4 T ST_LoadFaceGraphics
0014e7ac 00000090 T ST_ReloadSkinFaceGraphics
0014e83c 0000006c T ST_Start
0014e8a8 00000040 T ST_Init
0014e8e8 0000006c T ST_changeDemoView
0014e954 00000054 T ST_startTitleCard
0014e9a8 00000014 T ST_stopTitleCard
0014e9bc 00000100 T ST_runTitleCard
0014eabc 00000028 T ST_Ticker
0014eae4 000004c8 T ST_drawTitleCard
0014efac 0000327c t ST_overlayDrawer
00152228 000000cc T ST_preLevelTitleCardDrawer
001522f4 000003d8 T ST_Drawer
001526cc 0000006c T M_GetUrlProtocolArg
00152738 0000005c T M_CheckParm
00152794 0000004c T M_IsNextParm
001527e0 0000004c T M_GetNextParm
0015282c 000000b0 T M_PushSpecialParameters
001528dc 00000310 T M_FindResponseFile
00152bec 00000018 T M_ClearBox
00152c04 00000034 T M_AddToBox
00152c38 00000080 t cht_CheckCheat
00152cb8 000000a4 t cheatf_ultimate
00152d5c 0000026c t OP_CycleThings
00152fc8 0000007c t cheatf_warp
00153044 00000068 T cht_Init
001530ac 000000f4 T cht_Responder
001531a0 000000e4 T Command_CheatNoClip_f
00153284 000000e4 T Command_CheatGod_f
00153368 000000e4 T Command_CheatNoTarget_f
0015344c 00000120 T Command_Scale_f
0015356c 000000b4 T Command_Gravflip_f
00153620 00000104 T Command_Hurtme_f
00153724 000000ec T Command_JumpToAxis_f
00153810 00000134 T Command_Charability_f
00153944 00000274 T Command_Charspeed_f
00153bb8 000002bc T Command_RTeleport_f
00153e74 00000730 T Command_Teleport_f
001545a4 00000104 T Command_Skynum_f
001546a8 000000f4 T Command_Weather_f
0015479c 000000b4 T Command_Toggletwod_f
00154850 00000114 T Command_Savecheckpoint_f
00154964 000000b0 T Command_Getallemeralds_f
00154a14 00000090 T Command_Resetemeralds_f
00154aa4 000000bc T Command_Devmode_f
00154b60 0000019c T Command_Setrings_f
00154cfc 00000168 T Command_Setlives_f
00154e64 0000019c T Command_Setcontinues_f
00155000 00000060 T OP_FreezeObjectplace
00155060 0000001c T OP_ResetObjectplace
0015507c 000006f4 T OP_ObjectplaceMovement
00155770 000000c0 T Command_Writethings_f
00155830 0000045c T Command_ObjectPlace_f
00155c8c 00000078 T M_AddRawCondition
00155d04 0000006c T M_ClearConditionSet
00155d70 00000034 T M_SilentUpdateSkinAvailabilites
00155da4 00000124 T M_CheckLevelEmblems
00155ec8 000000b4 T M_CompletionEmblems
00155f7c 00000050 T M_AnySecretUnlocked
00155fcc 00000050 T M_SecretUnlocked
0015601c 00000070 T M_MapLocked
0015608c 0000010c T M_CampaignWarpIsCheat
00156198 00000070 T M_CountEmblems
00156208 0000009c T M_GotEnoughEmblems
001562a4 00000074 T M_GotHighEnoughScore
00156318 0000007c T M_GotLowEnoughTime
00156394 00000074 T M_GotHighEnoughRings
00156408 00000364 T M_CheckUnlockConditions
0015676c 000001f0 T M_UpdateUnlockablesAndExtraEmblems
0015695c 00000100 T M_SilentUpdateUnlockablesAndEmblems
00156a5c 000000b8 T M_ClearSecrets
00156b14 00000034 T M_NewGameDataStruct
00156b48 000001ac T M_CopyGameData
00156cf4 0000009c T M_UnlockableSkinNum
00156d90 0000009c T M_EmblemSkinNum
00156e2c 00000074 T M_GetLevelEmblems
00156ea0 00000024 T M_GetEmblemColor
00156ec4 00000074 T M_GetEmblemPatch
00156f38 00000024 T M_GetExtraEmblemColor
00156f5c 0000006c T M_GetExtraEmblemPatch
00156fc8 000000f0 t fixlog2
001570b8 00000024 T Easing_Linear
001570dc 00000030 T Easing_InQuad
0015710c 00000034 T Easing_OutQuad
00157140 0000003c T Easing_InCubic
0015717c 0000003c T Easing_InQuart
001571b8 00000048 T Easing_InQuint
00157200 00000070 T Easing_InSine
00157270 0000006c T Easing_OutSine
001572dc 00000074 T Easing_InOutSine
00157350 000000b4 t fixexp.part.0
00157404 000000d0 T Easing_InOutQuad
001574d4 00000078 T Easing_OutCubic
0015754c 000000e8 T Easing_InOutCubic
00157634 0000006c T Easing_OutQuart
001576a0 000000dc T Easing_InOutQuart
0015777c 00000078 T Easing_OutQuint
001577f4 000000f4 T Easing_InOutQuint
001578e8 000000b4 T Easing_InExpo
0015799c 000000a8 T Easing_OutExpo
00157a44 000001f8 T Easing_InOutExpo
00157c3c 00000148 t EaseInOutBack
00157d84 0000000c T Easing_InOutBack
00157d90 00000060 T Easing_InBack
00157df0 00000068 T Easing_OutBack
00157e58 00000054 T Easing_InBackParameterized
00157eac 0000005c T Easing_OutBackParameterized
00157f08 00000004 T Easing_InOutBackParameterized
00157f0c 00000044 T FixedSqrt
00157f50 000000e8 T FixedHypot
00158038 00000008 T FV2_Copy
00158040 0000002c T FV2_AddEx
0015806c 0000002c T FV2_SubEx
00158098 0000002c T FV2_MulEx
001580c4 00000008 T FV3_Load
001580cc 00000010 T FV4_Load
001580dc 00000008 T FV3_Copy
001580e4 00000008 T FV4_Copy
001580ec 00000038 T FV3_AddEx
00158124 00000038 T FV3_SubEx
0015815c 00000044 T FV3_MulEx
001581a0 00000040 T FV3_Mul
001581e0 000000dc T FV3_Divide
001582bc 0000013c T FV3_NormalizeEx
001583f8 00000008 T FV3_Normalize
00158400 00000018 T FV3_Negate
00158418 00000048 T FV3_Dot
00158460 00000090 T FV3_Cross
001584f0 00000164 T FM_MultMatrixVec4
00158654 00000140 t M_DrawNightsAttackMountains
00158794 000000f4 t M_DrawMenuTitle
00158888 000001ec t M_DrawRecordAttackForeground
00158a74 00000144 t M_DrawPlaystyleMenu
00158bb8 000000b4 t M_DrawImageDef
00158c6c 00000160 t M_DrawJoystick
00158dcc 00000198 t M_DrawMapEmblems
00158f64 00000190 t M_DrawThermo
001590f8 000003a8 t M_DrawSlider
001594a0 00000028 t ServerListEntryComparator_maxplayer_reverse
001594c8 00000024 t ServerListEntryComparator_numberofplayer
001594ec 00000028 t ServerListEntryComparator_numberofplayer_reverse
00159514 0000006c t ServerListEntryComparator_modified
00159580 0000005c t ServerListEntryComparator_time
001595dc 00000020 t M_AddonsClearName
001595fc 00000088 t M_AddonsHeaderPath
00159684 000001e4 t M_CanShowLevelOnPlatter
00159868 000000e0 t M_LevelAvailableOnPlatter
00159948 000008fc t M_PrepareLevelPlatter
0015a244 00000014 t M_UltimateCheat
0015a258 00000074 t M_ResetCvars
0015a2cc 00000778 t M_ReadSaveStrings
0015aa44 00000160 t M_ExitPandorasBox
0015aba4 00000010 t M_CancelConnect
0015abb4 00000198 t M_SetPlayerSetupFollowItem
0015ad4c 000000f4 t M_QuitMultiPlayerMenu
0015ae40 00000040 t M_InitPlayerSetupLua
0015ae80 000000e8 t M_Refresh
0015af68 00000664 t M_DrawVideoMode
0015b5cc 00000af0 t M_DrawSoundTest
0015c0bc 000000e0 t MIT_ChangeMusic
0015c19c 0000073c t M_DrawSetupChoosePlayerMenu
0015c8d8 00000160 t M_ChangeCvar
0015ca38 000000e0 T M_SortServerList
0015cb18 00000030 t ServerListEntryComparator_gametypename
0015cb48 000000a8 t M_HandleEmblemHints
0015cbf0 0000008c t M_GetColorGridIndex
0015cc7c 0000005c t M_AddonExec.part.0
0015ccd8 00000010 t M_AddonExec
0015cce8 0000005c t Dummymares_OnChange
0015cd44 00000034 t M_DestroyRobotsResponse
0015cd78 00000030 t M_AssignJoystick
0015cda8 00000258 t MIT_SetCurTitlePics.part.0
0015d000 0000006c t M_SaveGameDeleteResponse
0015d06c 000001d0 T M_QuitResponse
0015d23c 000000b8 t M_DrawLevelPlatterHeader.constprop.0
0015d2f4 000005f4 t M_DrawControl
0015d8e8 000004b0 t M_DrawStaticBox.constprop.0
0015dd98 00000e2c t M_DrawLoad
0015ebc4 00000338 t M_SetupChoosePlayerDirect.isra.0
0015eefc 00000104 t M_GridPosToGridIndex
0015f000 000001ec t M_DrawMessageMenu
0015f1ec 000000bc t Newgametype_OnChange
0015f2a8 00000810 t M_DrawGenericScrollMenu
0015fab8 000000fc t M_DrawCameraOptionsMenu
0015fbb4 000000d0 t M_DrawMainVideoMenu
0015fc84 00000004 t M_DrawScreenshotMenu
0015fc88 0000084c t M_DrawColorMenu
001604d4 00001084 t M_DrawSetupMultiPlayerMenu
00161558 00000080 t M_NextOpt
001615d8 00000074 t M_PrevOpt
0016164c 000007c0 t M_DrawCenteredMenu
00161e0c 000007c4 t M_DrawGenericMenu
001625d0 00000470 t M_DrawMPMainMenu
00162a40 00000170 t M_DrawControlsDefMenu
00162bb0 00000210 t M_DrawMonitorToggles
00162dc0 000003b0 t M_DrawEmblemHints
00163170 0000021c t M_DrawServerMenu
0016338c 000005c4 t M_DrawPauseMenu
00163950 00000670 t M_DrawConnectMenu
00163fc0 00000284 t M_DrawRoomMenu
00164244 000009e4 t M_DrawLevelStats
00164c28 00000d70 t M_DrawChecklist
00165998 0000059c t M_StartControlPanel.part.0
00165f34 00000054 t Command_Manual_f
00165f88 00000540 T Nextmap_OnChange
001664c8 000000bc t M_PatchSkinNameTable
00166584 00000190 t M_ModeAttackEndGame
00166714 0000002c T Screenshot_option_Onchange
00166740 000000a0 T Moviemode_mode_Onchange
001667e0 0000002c T Addons_option_Onchange
0016680c 0000002c T Moviemode_option_Onchange
00166838 000001a8 T M_InitMenuPresTables
001669e0 00000094 T M_ChangeMenuMusic
00166a74 00000c10 t M_DrawMarathon
00167684 00000208 T M_SetMenuCurBackground
0016788c 00000d7c t M_DrawNightsAttackMenu
00168608 00000c38 t M_DrawTimeAttackMenu
00169240 00000a9c t M_DrawLevelPlatterMenu
00169cdc 000000a8 T M_SetMenuCurFadeValue
00169d84 00000048 T M_SetMenuCurTitlePics
00169dcc 000002b4 T M_Drawer
0016a080 00000048 T M_StartControlPanel
0016a0c8 00000014 T M_EndModeAttackRun
0016a0dc 000000a8 T M_ClearMenus
0016a184 00000020 t M_ExitGameResponse
0016a1a4 00000040 t M_RetryResponse
0016a1e4 00000008 t M_SelectableClearMenus
0016a1ec 00000208 t M_ChoosePlayer
0016a3f4 00000080 t M_StartMarathon
0016a474 0000016c t M_ChooseTimeAttack
0016a5e0 0000016c t M_ChooseNightsAttack
0016a74c 0000003c T M_ModeAttackRetry
0016a788 00000048 t M_ConfirmTeamScramble
0016a7d0 000000b0 t M_EraseDataResponse
0016a880 00000024 t M_Credits
0016a8a4 0000001c t M_ConfirmSpectate
0016a8c0 0000013c t M_HandleImageDef
0016a9fc 00000160 t M_StartServer
0016ab5c 00000060 t M_Connect
0016abbc 00000038 t M_StartTimeAttackReplay
0016abf4 00000a38 T M_SetupNextMenu
0016b62c 00000084 t M_Options
0016b6b0 00000048 t M_ScreenshotOptions
0016b6f8 00000030 t M_AddonsOptions
0016b728 000000cc t M_ServerOptions
0016b7f4 00000034 t M_VideoOptions
0016b828 00000170 t M_VideoModeMenu
0016b998 0000010c t M_EmblemHints
0016baa4 00000144 t M_GoBack
0016bbe8 000000e8 t M_HandleMarathonChoosePlayer
0016bcd0 00000118 t M_HandleTimeAttackLevelSelect
0016bde8 00000198 t M_PandorasBox
0016bf80 000001dc t M_HandleChecklist
0016c15c 000000ec t M_Statistics
0016c248 00000100 t M_HandleLevelStats
0016c348 00000198 t M_SetupMultiPlayer2
0016c4e0 0000081c t M_HandleSetupMultiPlayer
0016ccfc 00000178 t M_SetupMultiPlayer
0016ce74 00000030 t M_Setup1PPlaystyleMenu
0016cea4 000000c4 t M_Setup1PControlsMenu
0016cf68 0000002c t M_Setup2PPlaystyleMenu
0016cf94 000000bc t M_Setup2PControlsMenu
0016d050 00000130 t M_HandlePlaystyleMenu
0016d180 0000032c t M_HandleVideoMode
0016d4ac 000001f4 t M_SecretsMenu
0016d6a0 00000134 t M_SetupChoosePlayer.part.0
0016d7d4 00000064 t M_CustomWarp
0016d838 00000228 t M_SinglePlayerMenu
0016da60 00000704 t M_HandleLevelPlatter
0016e164 00000344 t M_HandleSoundTest
0016e4a8 00000258 t M_HandleChoosePlayerMenu
0016e700 00000104 t M_HandleServerPage
0016e804 00000114 t M_RoomMenu
0016e918 00000098 t M_ConnectMenu
0016e9b0 000000c4 t M_ChooseRoom
0016ea74 00000028 t M_StartSplitServerMenu
0016ea9c 0000006c t M_StartServerMenu
0016eb08 00000024 t M_StopMessage
0016eb2c 00000094 T M_Ticker
0016ebc0 00000234 T M_Init
0016edf4 000000c0 T M_InitCharacterTables
0016eeb4 00000034 T M_DrawTextBox
0016eee8 00000020 T M_CanShowLevelInList
0016ef08 000001f8 T M_StartMessage
0016f100 00000030 t M_QuitSRB2
0016f130 0000004c t M_EndGame
0016f17c 00000060 t M_Retry
0016f1dc 00000088 t M_CustomLevelSelect
0016f264 000002f0 t M_ReplayTimeAttack
0016f554 000000bc t M_SetGuestReplay
0016f610 00000094 t M_EraseGuest
0016f6a4 00000140 t M_OverwriteGuest
0016f7e4 0000000c t M_OverwriteGuest_Last
0016f7f0 0000000c t M_OverwriteGuest_Rings
0016f7fc 0000000c t M_OverwriteGuest_Time
0016f808 0000000c t M_OverwriteGuest_Score
0016f814 00000018 t M_DestroyRobots
0016f82c 00000044 t M_GetAllEmeralds
0016f870 00000060 t M_AllowSuper
0016f8d0 00000284 t M_Addons
0016fb54 00000120 t M_StartTutorial
0016fc74 00000140 t M_TutorialControlResponse
0016fdb4 00000074 t M_FirstTimeResponse
0016fe28 00000200 t M_Marathon
00170028 0000010c t M_MarathonLiveEventBackup
00170134 00000128 t M_NightsAttack
0017025c 00000128 t M_TimeAttack
00170384 00000058 t M_LoadGame
001703dc 000000b0 t M_ConfirmTeamChange
0017048c 000000c0 t M_ConnectMenuModChecks
0017054c 000000b8 t M_ChangeControl
00170604 00000204 t M_ChangecontrolResponse
00170808 0000005c t M_EraseData
00170864 00000130 t M_SoundTest
00170994 00000824 t M_DrawAddons
001711b8 000005bc t M_HandleAddons
00171774 00000040 t M_ConfirmEnterGame
001717b4 000000d0 t M_MapChange
00171884 00000e1c T M_Responder
001726a0 00000424 t M_HandleConnectIP
00172ac4 000001a8 t M_LoadSelect.isra.0
00172c6c 000002dc t M_HandleLoadSave
00172f48 00000044 t M_SaveGameUltimateResponse
00172f8c 00000060 t M_PauseLevelSelect
00172fec 000000a4 T M_TutorialSaveControlResponse
00173090 00000044 T M_ForceSaveSlotSelected
001730d4 00000098 T M_AddMenuColor
0017316c 000000ec T M_MoveColorBefore
00173258 000000ec T M_MoveColorAfter
00173344 00000084 T M_GetColorBefore
001733c8 00000084 T M_GetColorAfter
0017344c 0000007c T M_InitPlayerSetupColors
001734c8 0000009c T M_SetupJoystickMenu
00173564 00000048 t M_Setup1PJoystickMenu
001735ac 00000044 t M_Setup2PJoystickMenu
001735f0 00000004 T M_StartMovie
001735f4 00000004 T M_StopMovie
001735f8 0000008c T M_MapNumber
00173684 0000005c T FIL_WriteFile
001736e0 000000ac T FIL_ReadFileTag
0017378c 000000b8 T FIL_ConvertTextFileToBinary
00173844 00000014 T FIL_FileExists
00173858 00000014 T FIL_ReadFileOK
0017386c 00000014 T FIL_FileOK
00173880 00000064 T FIL_DefaultExtension
001738e4 0000002c T FIL_CheckExtension
00173910 00000004 T M_SaveFrame
00173914 00000014 T M_ScreenShot
00173928 00000004 T M_DoScreenShot
0017392c 00000104 T M_ScreenshotResponder
00173a30 00000034 T M_StartupLocale
00173a64 00000038 T va
00173a9c 00000158 T Command_LoadConfig_f
00173bf4 00000060 T Command_ChangeConfig_f
00173c54 000001c8 T M_FirstLoadConfig
00173e1c 0000026c t M_SaveConfig.part.0
00174088 00000108 T Command_SaveConfig_f
00174190 0000005c T strcatbf
001741ec 000000b8 T axtoi
001742a4 000006ec T M_GetToken
00174990 00000014 T M_UnGetToken
001749a4 0000001c T M_TokenizerOpen
001749c0 00000020 T M_TokenizerClose
001749e0 00000028 T M_TokenizerRead
00174a08 00000018 T M_TokenizerGetEndPos
00174a20 00000020 T M_TokenizerSetEndPos
00174a40 00000040 T M_CountBits
00174a80 00000024 T sizeu1
00174aa4 00000024 T sizeu2
00174ac8 00000024 T sizeu3
00174aec 00000024 T sizeu5
00174b10 00000004 T M_Memcpy
00174b14 0000002c T M_FileError
00174b40 00000014 T M_IsPathAbsolute
00174b54 0000006c T M_JumpWord
00174bc0 000000a4 T M_JumpWordReverse
00174c64 00000094 T M_Ftrim
00174cf8 00000048 T M_IsStringEmpty
00174d40 00000078 T M_StringToNumber
00174db8 00000078 T M_StringToDecimal
00174e30 00000060 T M_RoundUp
00174e90 00000090 t PS_UpdateMetricHistory
00174f20 00000230 t PS_DrawDescriptorHeader
00175150 000000cc t PS_GetMetricMinOrMax.isra.0
0017521c 000000e8 t PS_GetMetricAverage.isra.0
00175304 000001e4 t PS_GetMetricScreenValue
001754e8 000002b0 t draw_think_frame_stats
00175798 000001d8 t PS_DrawPerfRows
00175970 000000b8 t PS_UpdateRowHistories
00175a28 0000012c T PS_SetPreThinkFrameHookInfo
00175b54 0000012c T PS_SetThinkFrameHookInfo
00175c80 0000012c T PS_SetPostThinkFrameHookInfo
00175dac 000006f8 T PS_UpdateTickStats
001764a4 00000528 T M_DrawPerfStats
001769cc 00000084 T PS_PerfStats_OnChange
00176a50 00000070 T PS_SampleSize_OnChange
00176ac0 00000040 T M_RandomFixed
00176b00 00000040 T M_RandomByte
00176b40 000000dc T M_RandomKey
00176c1c 000000e0 T M_RandomRange
00176cfc 00000098 T M_RandomSeedFromOS
00176d94 00000050 T M_RandomSeed
00176de4 00000040 T P_RandomFixed
00176e24 00000040 T P_RandomByte
00176e64 0000004c T P_RandomKey
00176eb0 00000058 T P_RandomRange
00176f08 0000003c T P_RandomPeek
00176f44 00000010 T P_GetRandSeed
00176f54 00000010 T P_GetInitSeed
00176f64 00000024 T P_SetRandSeed
00176f88 00000044 T M_RandomizedSeed
00176fcc 0000007c t Tokenizer_ReadTokenString
00177048 00000554 T Tokenizer_Read
0017759c 0000010c T Tokenizer_Open
001776a8 0000005c T Tokenizer_Close
00177704 0000046c T Tokenizer_SRB2Read
00177b70 00000008 T Tokenizer_GetEndPos
00177b78 00000008 T Tokenizer_SetEndPos
00177b80 00000014 T M_QueueInit
00177b94 00000010 T M_QueueInsert
00177ba4 00000018 T M_QueueIterator
00177bbc 0000003c T M_QueueFree
00177bf8 00000010 T DVector3_Load
00177c08 00000038 T DVector3_Copy
00177c40 00000034 T DVector3_Add
00177c74 00000034 T DVector3_Subtract
00177ca8 00000028 T DVector3_Multiply
00177cd0 00000038 T DVector3_Normalize
00177d08 00000028 T DVector3_Negate
00177d30 00000048 T DVector3_Cross
00177d78 00000128 T P_PatchInfoTables
00177ea0 00000004 T P_BackupTables
00177ea4 0000007c T P_ResetData
00177f20 000001c4 T T_CrushCeiling
001780e4 00000340 T T_MoveCeiling
00178424 000006cc T EV_DoCeiling
00178af0 000001c0 T EV_DoCrush
00178cb0 000000c8 t PIT_MinusCarry
00178d78 000001d8 t P_SnapperLegPlace
00178f50 000001a8 t P_VultureHoverParticle
001790f8 000002dc t P_DoRandomBoxChances
001793d4 000000dc t P_FindBossFlyPoint
001794b0 000002d8 t PIT_TNTExplode
00179788 000000dc t P_FaceStabFlume
00179864 00000094 t P_SharpDust.part.0
001798f8 00000078 t SignSkinCheck
00179970 00000154 t P_DustRing.isra.0
00179ac4 00000344 t PIT_DustDevilLaunch
00179e08 000000b0 T P_CheckMeleeRange
00179eb8 000000c8 T P_JetbCheckMeleeRange
00179f80 000000a0 T P_FaceStabCheckMeleeRange
0017a020 000000d4 T P_SkimCheckMeleeRange
0017a0f4 000000c8 T P_CheckMissileRange
0017a1bc 00000200 T P_Move
0017a3bc 000003fc T P_NewChaseDir
0017a7b8 0000023c T P_LookForPlayers
0017a9f4 00000320 t A_JetChase.part.0
0017ad14 00000278 T A_Chase
0017af8c 00000258 T A_FaceStabChase
0017b1e4 00000118 T A_FaceStabRev
0017b2fc 000003ac T A_FaceStabHurl
0017b6a8 00000144 T A_FaceStabMiss
0017b7ec 00000244 T A_StatueBurst
0017ba30 000000a0 T A_JetJawRoam
0017bad0 000000e0 T A_JetJawChomp
0017bbb0 00000078 T A_CheckBuddy
0017bc28 00000170 T A_HoodThink
0017bd98 00000068 T A_HoodFall
0017be00 000000bc T A_ArrowBonks
0017bebc 000002c4 T A_SnailerThink
0017c180 00000130 T A_SharpChase
0017c2b0 0000011c T A_SharpSpin
0017c3cc 0000006c T A_SharpDecel
0017c438 00000128 T A_CrushstaceanWalk
0017c560 000000a4 T A_CrushstaceanPunch
0017c604 0000020c T A_CrushclawAim
0017c810 00000488 T A_CrushclawLaunch
0017cc98 00000070 T A_VultureCheck
0017cd08 00000168 T A_VultureBlast
0017ce70 00000510 T A_VultureFly
0017d380 00000260 T A_SkimChase
0017d5e0 0000003c T A_FaceTarget
0017d61c 00000350 T A_PointyThink
0017d96c 00000248 T A_HoodFire
0017dbb4 0000010c T A_VultureVtol
0017dcc0 00000208 T A_VultureHover
0017dec8 0000003c T A_FaceTracer
0017df04 00000184 t A_Boss5Jump.part.0
0017e088 00000b58 t A_BossDeath.part.0
0017ebe0 0000024c T A_LobShot
0017ee2c 000000ec T A_FireShot
0017ef18 000000fc T A_SuperFireShot
0017f014 00000348 T A_BossFireShot
0017f35c 000008c0 T A_Boss7FireMissiles
0017fc1c 0000087c T A_Boss1Laser
00180498 00000250 T A_FocusTarget
001806e8 00000094 T A_Boss4Reverse
0018077c 0000003c T A_Boss4SpeedUp
001807b8 0000003c T A_Boss4Raise
001807f4 00000634 T A_SkullAttack
00180e28 0000014c T A_BossZoom
00180f74 00000228 T A_BossScream
0018119c 00000054 T A_Scream
001811f0 00000048 T A_Pain
00181238 00000054 T A_Fall
0018128c 000001ec T A_1upThinker
00181478 00000264 T A_MonitorPop
001816dc 00000254 T A_GoldMonitorPop
00181930 00000044 T A_GoldMonitorRestore
00181974 000000e8 T A_GoldMonitorSparkle
00181a5c 00000058 T A_Explode
00181ab4 00000038 T A_BossDeath
00181aec 00000038 T A_SetShadowScale
00181b24 00000048 T A_ShadowScream
00181b6c 000000c0 T A_CustomPower
00181c2c 000000b8 T A_GiveWeapon
00181ce4 0000008c T A_RingBox
00181d70 0000010c T A_Invincibility
00181e7c 00000134 T A_SuperSneakers
00181fb0 0000008c T A_AwardScore
0018203c 000000b8 T A_ExtraLife
001820f4 0000008c T A_GiveShield
00182180 0000007c T A_GravityBox
001821fc 00000044 T A_ScoreRise
00182240 00000098 T A_BunnyHop
001822d8 000001a0 T A_BubbleSpawn
00182478 00000130 T A_FanBubbleSpawn
001825a8 0000010c T A_BubbleRise
001826b4 00000048 T A_BubbleCheck
001826fc 00000358 T A_AttractChase
00182a54 00000184 T A_DropMine
00182bd8 00000200 T A_FishJump
00182dd8 00000450 T A_ThrownRing
00183228 00000084 T A_SetSolidSteam
001832ac 00000038 T A_UnsetSolidSteam
001832e4 00000258 T A_SignSpin
0018353c 000005bc T A_SignPlayer
00183af8 00000214 T A_OverlayThink
00183d0c 00000048 T A_JetChase
00183d54 00000290 T A_JetbThink
00183fe4 000000ec T A_JetgShoot
001840d0 000000dc T A_ShootBullet
001841ac 00000398 T A_MinusDigging
00184544 00000168 T A_MinusPopup
001846ac 00000170 T A_MinusCheck
0018481c 000000e4 T A_ChickenCheck
00184900 000001ac T A_JetgThink
00184aac 000000ec T A_MouseThink
00184b98 0000037c T A_DetonChase
00184f14 000001f4 T A_CapeChase
00185108 000001a4 T A_RotateSpikeBall
001852ac 00000368 T A_UnidusBall
00185614 0000017c T A_RockSpawn
00185790 00000160 T A_SlingAppear
001858f0 0000008c T A_SetFuse
0018597c 00000730 T A_CrawlaCommanderThink
001860ac 00000160 T A_RingExplode
0018620c 00000310 T A_OldRingExplode
0018651c 0000092c T A_MixUp
00186e48 00000334 T A_RecyclePowers
0018717c 00000350 T A_Boss1Chase
001874cc 000004dc T A_Boss2Chase
001879a8 0000018c T A_Boss2Pogo
00187b34 00000080 T A_Boss2TakeDamage
00187bb4 00000448 T A_Boss7Chase
00187ffc 00000058 T A_GoopSplat
00188054 00000180 T A_Boss2PogoSFX
001881d4 00000408 T A_Boss2PogoTarget
001885dc 0000006c T A_EggmanBox
00188648 000000a8 T A_TurretFire
001886f0 000000a8 T A_SuperTurretFire
00188798 0000006c T A_TurretStop
00188804 00000280 T A_SparkFollow
00188a84 000003c4 T A_BuzzFly
00188e48 00000318 T A_GuardChase
00189160 00000204 T A_EggShield
00189364 0000004c T A_SetReactionTime
001893b0 00000110 T A_Boss1Spikeballs
001894c0 00000044 T A_Boss3TakeDamage
00189504 00000398 T A_Boss3Path
0018989c 000001d4 T A_Boss3ShockThink
00189a70 00000158 T A_Shockwave
00189bc8 00000078 T A_LinedefExecute
00189c40 00000090 T A_LinedefExecuteFromArg
00189cd0 00000054 T A_PlaySeeSound
00189d24 000000ac T A_Look
00189dd0 00000038 T A_PlayAttackSound
00189e08 00000038 T A_PlayActiveSound
00189e40 00000128 T A_SmokeTrailer
00189f68 00000088 T A_SpawnObjectAbsolute
00189ff0 0000012c T A_SpawnObjectRelative
0018a11c 0000004c T A_ChangeAngleRelative
0018a168 00000044 T A_ChangeAngleAbsolute
0018a1ac 0000004c T A_RollAngle
0018a1f8 0000004c T A_ChangeRollAngleRelative
0018a244 00000044 T A_ChangeRollAngleAbsolute
0018a288 00000078 T A_PlaySound
0018a300 00000194 T A_FindTarget
0018a494 00000194 T A_FindTracer
0018a628 00000050 T A_SetTics
0018a678 00000040 T A_SetRandomTics
0018a6b8 0000007c T A_ChangeColorRelative
0018a734 00000060 T A_ChangeColorAbsolute
0018a794 000000a8 T A_Dye
0018a83c 00000044 T A_SetTranslation
0018a880 0000005c T A_MoveRelative
0018a8dc 00000058 T A_MoveAbsolute
0018a934 0000007c T A_Thrust
0018a9b0 00000094 T A_ZThrust
0018aa44 00000094 T A_SetTargetsTarget
0018aad8 00000094 T A_SetObjectFlags
0018ab6c 0000006c T A_SetObjectFlags2
0018abd8 00000604 T A_BossJetFume
0018b1dc 00000048 T A_RandomState
0018b224 00000048 T A_RandomStateRange
0018b26c 00000080 T A_StateRangeByAngle
0018b2ec 00000068 T A_StateRangeByParameter
0018b354 000000ec T A_DualAction
0018b440 000001d8 T A_RemoteAction
0018b618 00000064 T A_ToggleFlameJet
0018b67c 0000026c T A_OrbitNights
0018b8e8 00000048 T A_GhostMe
0018b930 000000a0 T A_SetObjectState
0018b9d0 0000010c T A_SetObjectTypeState
0018badc 0000008c T A_KnockBack
0018bb68 000000c4 T A_PushAway
0018bc2c 00000094 T A_RingDrain
0018bcc0 00000164 T A_SplitShot
0018be24 00000068 T A_MissileSplit
0018be8c 00000204 T A_MultiShot
0018c090 000000bc T A_InstaLoop
0018c14c 0000025c T A_Custom3DRotate
0018c3a8 00000070 T A_SearchForPlayers
0018c418 00000064 T A_CheckRandom
0018c47c 00000070 T A_CheckTargetRings
0018c4ec 00000060 T A_CheckRings
0018c54c 00000060 T A_CheckTotalRings
0018c5ac 00000058 T A_CheckHealth
0018c604 00000094 T A_CheckRange
0018c698 0000009c T A_CheckHeight
0018c734 000000a8 T A_CheckTrueRange
0018c7dc 000000fc T A_CheckThingCount
0018c8d8 00000088 T A_CheckAmbush
0018c960 00000058 T A_CheckCustomValue
0018c9b8 00000058 T A_CheckCusValMemo
0018ca10 000000f8 T A_SetCustomValue
0018cb08 000000a8 T A_UseCusValMemo
0018cbb0 00000188 T A_RelayCustomValue
0018cd38 00000124 T A_CusValAction
0018ce5c 00000048 T A_ForceStop
0018cea4 000000d4 T A_ForceWin
0018cf78 0000006c T A_SpikeRetract
0018cfe4 0000012c T A_InfoState
0018d110 00000080 T A_Repeat
0018d190 000000c0 T A_SetScale
0018d250 000000f8 T A_RemoteDamage
0018d348 000001a4 T A_HomingChase
0018d4ec 000002e8 T A_TrapShot
0018d7d4 00000338 T A_VileAttack
0018db0c 00000288 T A_VileFire
0018dd94 00000280 T A_VileTarget
0018e014 00000388 T A_BrakChase
0018e39c 00000164 T A_BrakFireShot
0018e500 00000398 T A_BrakLobShot
0018e898 000001e0 T A_NapalmScatter
0018ea78 000000c8 T A_SpawnFreshCopy
0018eb40 0000020c T P_InternalFlickySpawn
0018ed4c 00000088 T A_FlickySpawn
0018edd4 00000398 T A_FlickyCenter
0018f16c 00000118 T P_InternalFlickyBubble
0018f284 0000029c T A_FlickyAim
0018f520 000001d8 T P_InternalFlickyFly
0018f6f8 00000084 T A_FlickyFly
0018f77c 000000d8 T A_FlickySoar
0018f854 00000100 T A_FlickyCoast
0018f954 000000f0 T P_InternalFlickyHop
0018fa44 00000044 T A_FlickyHop
0018fa88 000000a8 T A_FlickyFlounder
0018fb30 00000180 T A_FlickyCheck
0018fcb0 00000148 T A_FlickyHeightCheck
0018fdf8 0000009c T A_FlickyFlutter
0018fe94 000000e8 T A_FlameParticle
0018ff7c 00000084 T A_FadeOverlay
00190000 00000048 T A_Boss5Jump
00190048 000001c0 T A_LightBeamReset
00190208 000002d0 T A_MineExplode
001904d8 00000084 T A_MineRange
0019055c 000001b0 T A_ConnectToGround
0019070c 0000012c T A_SpawnParticleRelative
00190838 000000a0 T A_MultiShotDist
001908d8 00000124 T A_WhoCaresIfYourSonIsABee
001909fc 00000098 T A_ParentTriesToSleep
00190a94 00000080 T A_CryingToMomma
00190b14 00000058 T A_CheckFlags2
00190b6c 00000480 T A_Boss5FindWaypoint
00190fec 000001c4 T A_DoNPCSkid
001911b0 0000016c T A_DoNPCPain
0019131c 00000038 T A_PrepareRepeat
00191354 000000f0 T A_Boss5ExtraRepeat
00191444 00000038 T A_Boss5Calm
0019147c 00000120 T A_Boss5CheckOnGround
0019159c 0000007c T A_Boss5CheckFalling
00191618 000000dc T A_Boss5PinchShot
001916f4 000000ac T A_Boss5MakeItRain
001917a0 00000434 T A_Boss5MakeJunk
00191bd4 00000058 T A_LookForBetter
00191c2c 00000114 T A_Boss5BombExplode
00191d40 00000374 T A_DustDevilThink
001920b4 00000200 T A_TNTExplode
001922b4 00000080 T A_DebrisRandom
00192334 00000288 T A_TrainCameo
001925bc 0000020c T A_TrainCameo2
001927c8 000000c8 T A_CanarivoreGas
00192890 00000090 T A_KillSegments
00192920 0000014c T A_SnapperSpawn
00192a6c 00000348 T A_SnapperThinker
00192db4 0000012c T A_SaloonDoorSpawn
00192ee0 000001cc T A_MinecartSparkThink
001930ac 00000074 T A_ModuloToState
00193120 00000104 T A_LavafallRocks
00193224 00000118 T A_LavafallLava
0019333c 000000b4 T A_FallingLavaCheck
001933f0 00000070 T A_FireShrink
00193460 00000180 T A_SpawnPterabytes
001935e0 000000ac T A_PterabyteHover
0019368c 0000011c T A_RolloutSpawn
001937a8 00000460 T A_RolloutRock
00193c08 00000150 T A_DragonbomberSpawn
00193d58 000000b8 T A_DragonWing
00193e10 00000148 T A_DragonSegment
00193f58 000000c8 T A_ChangeHeight
00194020 00000188 t SearchMarioNode
001941a8 000000b0 t T_SectorHasEnemies
00194258 000000c4 T T_ContinuousFalling
0019431c 00000088 t EV_BounceSector.part.0
001943a4 0000008c t P_SectorCheckWater.isra.0
00194430 00000200 T T_MovePlane
00194630 000003c8 T T_MoveFloor
001949f8 000005f8 T T_MoveElevator
00194ff0 000003e8 T T_BounceCheese
001953d8 00000400 T T_StartCrumble
001957d8 00000104 T T_MarioBlock
001958dc 000000f8 T T_FloatSector
001959d4 00000074 T T_MarioBlockChecker
00195a48 000002f8 T T_ThwompSector
00195d40 00000114 T T_NoEnemiesSector
00195e54 000001f0 T T_EachTimeThinker
00196044 0000037c T T_RaiseSector
001963c0 00000434 T T_CameraScanner
001967f4 000000e0 T T_PlaneDisplace
001968d4 00000918 T EV_DoFloor
001971ec 00000774 T EV_DoElevator
00197960 000005b0 T EV_CrumbleChain
00197f10 00000010 T EV_BounceSector
00197f20 0000009c T EV_DoContinuousFall
00197fbc 00000188 T EV_StartCrumble
00198144 00000268 T EV_MarioBlock
001983ac 00000618 t P_HitDeathMessages
001989c4 000001b8 t P_DoNightsScore.part.0
00198b7c 000000d4 T P_RampConstant
00198c50 00000068 T P_ClearStarPost
00198cb8 00000058 T P_ResetStarposts
00198d10 000000a4 T P_CanPickupItem
00198db4 000000a0 T P_CanPickupEmblem
00198e54 00000074 T P_EmblemWasCollected
00198ec8 00000010 T P_DoNightsScore
00198ed8 00000254 T P_DoMatchSuper
0019912c 0000038c T P_TouchStarPost
001994b8 00000354 T P_CheckTimeLimit
0019980c 000000fc T P_CheckPointLimit
00199908 000001dc T P_CheckSurvivors
00199ae4 0000006c T P_CheckRacers
00199b50 00001b04 T P_KillMobj
0019b654 000000e0 T P_RemoveShield
0019b734 00000288 T P_PlayerWeaponPanelBurst
0019b9bc 00000230 T P_PlayerWeaponAmmoBurst
0019bbec 00001378 T P_PlayerWeaponPanelOrAmmoBurst
0019cf64 00000378 T P_PlayerEmeraldBurst
0019d2dc 00000424 T P_PlayerRingBurst
0019d700 00000314 T P_PlayerFlagBurst
0019da14 000002c4 T P_SpecialStageDamage
0019dcd8 000001fc t P_RingDamage
0019ded4 00000178 t P_ShieldDamage
0019e04c 00000264 t P_KillPlayer
0019e2b0 0000158c t P_DamageMobj.part.0
0019f83c 0000003c T P_DamageMobj
0019f878 00003678 T P_TouchSpecialThing
001a2ef0 00000058 T T_LightningFlash
001a2f48 00000040 T T_StrobeFlash
001a2f88 00000074 T T_Glow
001a2ffc 00000058 T T_FireFlicker
001a3054 00000070 T T_LightFade
001a30c4 00000034 T P_RemoveLighting
001a30f8 000000f8 T P_SpawnAdjustableFireFlicker
001a31f0 00000084 T P_SpawnLightningFlash
001a3274 000000dc T P_SpawnAdjustableStrobeFlash
001a3350 00000160 T P_SpawnAdjustableGlowingLight
001a34b0 00000164 T P_FadeLightBySector
001a3614 000000c4 T P_FadeLight
001a36d8 000001b0 t P_DoFan
001a3888 00000280 t PIT_CheckLine
001a3b08 00000140 t PIT_CheckCameraLine
001a3c48 000000cc t PTR_SlideCameraTraverse
001a3d14 000001a4 t PIT_RadiusAttack
001a3eb8 000000ac t P_AddSecnode
001a3f64 000000c0 t PIT_GetSectors
001a4024 000000ac t P_AddPrecipSecnode
001a40d0 000000c0 t PIT_GetPrecipSectors
001a4190 0000096c T P_CheckPosition
001a4afc 0000048c t increment_move
001a4f88 000005b8 t PIT_ChangeSector
001a5540 00000098 t P_CheckTouchingThinglist
001a55d8 00000250 t P_CheckSectorHelper
001a5828 000000f4 t P_TeleportMove.isra.0
001a591c 00000010 T P_MoveOrigin
001a592c 00000024 T P_SetOrigin
001a5950 000000a8 T P_CheckHoopPosition
001a59f8 00000580 T P_CheckCameraPosition
001a5f78 0000038c T P_TryCameraMove
001a6304 0000009c T P_CheckMove
001a63a0 0000027c T P_TryMove
001a661c 00000ce4 T P_DoSpring
001a7300 000035bc t PIT_DoCheckThing
001aa8bc 00000014 t PIT_CheckThing
001aa8d0 000001bc T PIT_PushableMoved
001aaa8c 00000150 T P_SceneryTryMove
001aabdc 00000128 T P_LineIsBlocking
001aad04 00000754 t PTR_SlideTraverse
001ab458 000002cc T P_SlideCameraMove
001ab724 00000420 T P_BounceMove
001abb44 000009c4 T P_SlideMove
001ac508 000000a0 T P_RadiusAttack
001ac5a8 00000044 T P_CheckSector
001ac5ec 00000018 T P_Initsecnode
001ac604 0000006c T P_DelSeclist
001ac670 0000006c T P_DelPrecipSeclist
001ac6dc 0000025c T P_CreateSecNodeList
001ac938 000001d0 T P_CreatePrecipSecNodeList
001acb08 00000024 T P_MapStart
001acb2c 00000010 T P_MapEnd
001acb3c 00000108 T P_FloorzAtPos
001acc44 00000108 T P_CeilingzAtPos
001acd4c 00000078 T P_GetSectorLightNumAt
001acdc4 00000090 T P_GetLightLevelFromSectorAt
001ace54 00000090 T P_GetSectorLightLevelAt
001acee4 00000090 T P_GetColormapFromSectorAt
001acf74 00000090 T P_GetSectorColormapAt
001ad004 00000080 t P_CheckIntercepts
001ad084 000000cc t P_PointOnDivlineSide.constprop.0
001ad150 00000024 T P_AproxDistance
001ad174 00000108 T P_ClosestPointOnLine
001ad27c 000000d4 T P_ClosestPointOnLine3D
001ad350 000000a4 T P_PointOnLineSide
001ad3f4 000001c8 t PIT_AddLineIntercepts
001ad5bc 00000184 T P_BoxOnLineSide
001ad740 00000610 T P_CameraLineOpening
001add50 000008bc T P_LineOpening
001ae60c 000000ac T P_UnsetThingPosition
001ae6b8 00000030 T P_UnsetPrecipThingPosition
001ae6e8 00000350 T P_SetThingPosition
001aea38 00000084 T P_SetUnderlayPosition
001aeabc 00000064 T P_SetPrecipitationThingPosition
001aeb20 0000015c T P_BlockLinesIterator
001aec7c 000000a8 T P_BlockThingsIterator
001aed24 00000068 T P_DoBlockThingsIterate
001aed8c 00000104 T P_NewBlockThingsIterator
001aee90 000002e0 T P_BlockThingsIteratorNext
001af170 0000001c T P_FreeBlockThingsIterator
001af18c 00000018 T P_ClearBlockNodes
001af1a4 00000614 T P_PathTraverse
001af7b8 000000bc t P_SceneryXYFriction
001af874 00000124 t P_SetupStateAnimation
001af998 00000088 t P_CameraCheckWater
001afa20 000000a8 t P_CameraCheckHeat
001afac8 000000d8 t P_SceneryCheckWater
001afba0 000003d8 t HighestOnLine
001aff78 00000084 t CalculatePrecipFloor
001afffc 00000010 T P_NullPrecipThinker
001b000c 00000190 t P_Boss4PinchSpikeballs
001b019c 00000170 t P_Boss4MoveSpikeballs
001b030c 000001d8 t P_GetMobjtypeSubstitute
001b04e4 00000160 t P_SpawnPrecipMobj
001b0644 000003b0 t PIT_PushThing
001b09f4 00000074 t P_Boss4MoveCage.part.0
001b0a68 000000f4 t P_Boss4DestroyCage.part.0
001b0b5c 000000d8 t P_ParseItemTypes
001b0c34 000000f4 t P_AdjustMobjFloorZ_PolyObjs.isra.0
001b0d28 00000018 T P_InitCachedActions
001b0d40 0000009c T P_RunCachedActions
001b0ddc 00000028 T P_MobjFlip
001b0e04 00000018 T P_WeaponOrPanel
001b0e1c 00000508 t P_AllowMobjSpawn
001b1324 00000360 t P_RemoveMobj.part.0
001b1684 0000009c T P_SetMobjStateNF
001b1720 0000044c t P_JetFume1Think
001b1b6c 00000dac T P_SetMobjState
001b2918 00000278 t P_Boss5Thinker
001b2b90 000001f4 t P_BumbleboreThink
001b2d84 0000079c t P_NiGHTSDroneThink
001b3520 00000114 t P_CycleMobjState
001b3634 00000560 t P_EggRobo1Think
001b3b94 00000210 t P_HangsterThink
001b3da4 00000304 T P_EmeraldManager
001b40a8 000000b4 T P_InsideANonSolidFFloor
001b415c 00000260 T P_MobjFloorZ
001b43bc 00000260 T P_MobjCeilingZ
001b461c 00000128 t P_KillRingsInLava
001b4744 000003c4 T P_GetMobjGravity
001b4b08 00000084 T P_CheckGravity
001b4b8c 00000004 T P_SetPitchRollFromSlope
001b4b90 00000084 T P_CheckSkyHit
001b4c14 0000004c T P_RingXYMovement
001b4c60 000000c4 T P_SceneryXYMovement
001b4d24 00000140 T P_CheckDeathPitCollide
001b4e64 00000028 T P_CheckSolidLava
001b4e8c 00000130 T P_CanRunOnWater
001b4fbc 00000338 T P_AdjustMobjFloorZ_FFloors
001b52f4 000000ec T P_RingZMovement
001b53e0 00000808 T P_PlayerZMovement
001b5be8 00000094 T P_DestroyRobots
001b5c7c 0000014c T P_CalcChasePostImg
001b5dc8 000003bc T P_CameraThinker
001b6184 00000038 T P_RecalcPrecipInSector
001b61bc 000000e4 T P_SnowThinker
001b62a0 00000238 T P_RainThinker
001b64d8 000001bc T P_BossTargetPlayer
001b6694 00000214 t P_Boss1Thinker
001b68a8 000000b8 T P_SupermanLook4Players
001b6960 000000d0 T P_GetClosestAxis
001b6a30 00000150 T P_SetScale
001b6b80 000003fc t P_ShieldLook
001b6f7c 00000390 T P_Attract
001b730c 000005a0 T P_MaceRotate
001b78ac 0000007c T P_RunShields
001b7928 000001f8 T P_RunOverlays
001b7b20 0000003c T P_CreateFloorSpriteSlope
001b7b5c 00000040 T P_RemoveFloorSpriteSlope
001b7b9c 0000002c T P_RemoveMobj
001b7bc8 0000003c T P_RemovePrecipMobj
001b7c04 0000009c T P_RemoveSavegameMobj
001b7ca0 00000220 T P_SpawnPrecipitation
001b7ec0 000003d4 T P_PrecipitationEffects
001b8294 00000048 T P_GetMobjtype
001b82dc 00000188 T P_AfterPlayerSpawn
001b8464 0000021c T P_MovePlayerToSpawn
001b8680 00000150 T P_MovePlayerToStarpost
001b87d0 000000e4 T P_GetMobjSpawnHeight
001b88b4 000001e0 T P_GetMapThingSpawnHeight
001b8a94 00000030 T P_SetBonusTime
001b8ac4 00000058 T P_ColorTeamMissile
001b8b1c 00000010 T P_FlashPal
001b8b2c 000001dc T P_SpawnMobjFromMobj
001b8d08 000000dc t P_PyreFlyBurn
001b8de4 00000f80 T P_SpawnMobj
001b9d64 00000a00 T P_MobjCheckWater
001ba764 00000408 T P_SpawnParaloop
001bab6c 000001f8 T P_HandleMinecartSegments
001bad64 00000850 t P_Boss3Thinker
001bb5b4 00000a78 t P_Boss4Thinker
001bc02c 0000051c t P_MobjDeadThink
001bc548 0000020c t P_TurretThink
001bc758 000001cc t P_MonitorFuseThink
001bc924 0000022c t P_FlagFuseThink
001bcb50 000001d8 T P_PushableThinker
001bcd28 000004a8 T P_SpawnHoop
001bd1d0 000003b8 t P_ExplodeMissile.part.0.constprop.0
001bd588 00000020 T P_ExplodeMissile
001bd5a8 00000d90 T P_XYMovement
001be338 00000440 t P_PlayerMobjThinker
001be778 00000274 t P_KoopaThinker
001be9ec 000000ac T P_CheckMissileSpawn
001bea98 000001d8 T P_SpawnXYZMissile
001bec70 0000024c T P_SpawnAlteredDirectionMissile
001beebc 000001d0 T P_SpawnPointMissile
001bf08c 000002cc T P_SpawnMissile
001bf358 00000260 T P_SPMAngle
001bf5b8 00001158 T P_ZMovement
001c0710 000000fc T P_RailThinker
001c080c 000004e8 T P_SceneryZMovement
001c0cf4 000001dc T P_SceneryThinker
001c0ed0 0000200c t P_MobjSceneryThink
001c2edc 00002fa8 t P_MobjBossThink
001c5e84 00002f94 T P_MobjThinker
001c8e18 000004c0 T P_SpawnPlayer
001c92d8 00003348 t P_SpawnMobjFromMapThing
001cc620 000002b0 T P_SpawnMapThing
001cc8d0 000000e4 T P_RespawnSpecials
001cc9b4 00000234 t P_SpawnItemRow
001ccbe8 0000028c t P_SpawnItemCircle
001cce74 00000204 T P_SpawnItemPattern
001cd078 00000134 t Polyobj_slideThing
001cd1ac 000001c8 t Polyobj_linkToBlockmap
001cd374 000000c4 t Polyobj_rotateLine
001cd438 00000120 t Polyobj_addVertex
001cd558 00000134 t Polyobj_addSeg
001cd68c 000003a0 t Polyobj_clipThings.part.0
001cda2c 000000f0 t Polyobj_removeFromBlockmap.part.0
001cdb1c 00000118 t Polyobj_attachToSubsec.part.0
001cdc34 0000012c t Polyobj_doSwingDoor
001cdd60 00000188 t Polyobj_doSlideDoor
001cdee8 0000005c T P_PointInsidePolyobj
001cdf44 00000088 T P_MobjTouchingPolyobj
001cdfcc 00000084 T P_MobjInsidePolyobj
001ce050 000003d8 t Polyobj_moveXY.part.0
001ce428 000000e8 t T_MovePolyObj
001ce510 000005dc t Polyobj_rotate.part.0
001ceaec 00000054 T P_BBoxInsidePolyobj
001ceb40 00000018 T Polyobj_moveXY
001ceb58 00000018 T Polyobj_rotate
001ceb70 00000078 T Polyobj_GetForNum
001cebe8 00000114 T T_PolyObjRotate
001cecfc 00000168 T T_PolyObjMove
001cee64 00000334 T T_PolyObjWaypoint
001cf198 00000264 T T_PolyDoorSlide
001cf3fc 0000019c T T_PolyDoorSwing
001cf598 000000a8 T T_PolyObjDisplace
001cf640 000000c4 T T_PolyObjRotDisplace
001cf704 000001bc T T_PolyObjFlag
001cf8c0 00000248 T T_PolyObjFade
001cfb08 00000830 T Polyobj_InitLevel
001d0338 00000064 T Polyobj_MoveOnLoad
001d039c 000001bc T EV_DoPolyObjRotate
001d0558 000001bc T EV_DoPolyObjMove
001d0714 00000240 T EV_DoPolyObjWaypoint
001d0954 000000b0 T EV_DoPolyDoor
001d0a04 00000138 T EV_DoPolyObjDisplace
001d0b3c 00000138 T EV_DoPolyObjRotDisplace
001d0c74 00000184 T EV_DoPolyObjFlag
001d0df8 000001c0 T EV_DoPolyObjFade
001d0fb8 000001a8 t GetSideDiff
001d1160 00000530 t UnArchiveSide
001d1690 000000bc t CheckAddNetColormapToList
001d174c 000000ec t GetNetColormapFromList
001d1838 0000023c t LoadCeilingThinker
001d1a74 00000324 t LoadElevatorThinker
001d1d98 000000f8 t LoadPolymoveThinker
001d1e90 00000224 t LoadPolyslidedoorThinker.constprop.0
001d20b4 000002ec t LoadFadeThinker.constprop.0
001d23a0 00000170 t LoadPusherThinker.constprop.0
001d2510 000001ac t LoadScrollThinker.constprop.0
001d26bc 000002f0 t LoadCrumbleThinker.constprop.0
001d29ac 00000238 t LoadFloormoveThinker.constprop.0
001d2be4 000001a0 t LoadRaiseThinker.constprop.0
001d2d84 0000023c t LoadThwompThinker.constprop.0
001d2fc0 000015f4 t P_NetUnArchivePlayers
001d45b4 000032fc t P_NetUnArchiveThinkers
001d78b0 00000068 T P_WriteUINT8
001d7918 00000068 T P_WriteSINT8
001d7980 00000068 T P_WriteUINT16
001d79e8 00000068 T P_WriteINT16
001d7a50 00000068 T P_WriteUINT32
001d7ab8 00000068 T P_WriteINT32
001d7b20 00000060 t SavePolymoveThinker
001d7b80 00000164 t SaveElevatorThinker
001d7ce4 000000e4 t SaveCeilingThinker
001d7dc8 00000290 t ArchiveSide
001d8058 00000068 T P_WriteChar
001d80c0 00000068 T P_WriteFixed
001d8128 00000084 T P_WriteString
001d81ac 0000006c T P_WriteMem
001d8218 00002404 t P_NetArchiveThinkers
001da61c 0000004c T P_SkipString
001da668 00000024 T P_ReadUINT8
001da68c 00000024 T P_ReadSINT8
001da6b0 00000024 T P_ReadUINT16
001da6d4 00000024 T P_ReadINT16
001da6f8 00000024 T P_ReadUINT32
001da71c 00000024 T P_ReadINT32
001da740 00000024 T P_ReadChar
001da764 00000024 T P_ReadFixed
001da788 00000090 T P_ReadStringN
001da818 00000088 T P_ReadString
001da8a0 00000064 T P_FindNewPosition
001da904 00000234 T P_SaveGame
001dab38 000024a0 T P_SaveNetGame
001dcfd8 0000051c T P_LoadGame
001dd4f4 00003054 T P_LoadNetGame
001e0548 00000164 t Ploadflat
001e06ac 00000074 t P_SetSidedefSector
001e0720 0000006c t P_SetLinedefV1
001e078c 00000074 t P_SetLinedefV2
001e0800 00000390 t P_WriteTextmap_Things
001e0b90 0000036c t P_InitLevelSettings
001e0efc 000001ec t P_SpawnMapThings
001e10e8 000000a0 t TextmapStorePos
001e1188 00000148 t P_AddBinaryMapTagsFromLine
001e12d0 000001c8 t ParseTextmapVertexParameter
001e1498 000007c8 t ParseTextmapThingParameter
001e1c60 00001000 t ParseTextmapLinedefParameter
001e2c60 00002570 t ParseTextmapSectorParameter
001e51d0 000002f0 t P_InitializeLinedef
001e54c0 000000d4 t FindFolder
001e5594 00000100 t P_InitializeSeg
001e5694 00000068 t CorruptMapError
001e56fc 00002980 t P_WriteTextmap
001e807c 00000b14 t ParseTextmapSidedefParameter
001e8b90 000000d4 t TextmapParse
001e8c64 00000d50 t P_LoadMapBSP
001e99b4 0000004c t P_WriteDuplicateText
001e9a00 00000068 t P_WriteSfx.part.0
001e9a68 00001ba4 t P_LoadMapData
001eb60c 00001470 t P_ConvertBinaryThingTypes
001eca7c 00003c9c t P_ConvertBinaryLinedefTypes
001f0718 00000030 T P_AddWaypoint
001f0748 00000010 T P_GetFirstWaypoint
001f0758 00000028 T P_GetLastWaypoint
001f0780 00000060 T P_GetPreviousWaypoint
001f07e0 00000054 T P_GetNextWaypoint
001f0834 000000b4 T P_GetClosestWaypoint
001f08e8 0000008c T P_IsDegeneratedWaypointSequence
001f0974 00000078 T P_SetDemoFlickies
001f09ec 0000005c T P_DeleteFlickies
001f0a48 00000200 T P_AllocMapHeader
001f0c48 00000130 T P_AddGradesForMare
001f0d78 0000005c T P_DeleteGrades
001f0dd4 0000006c T P_GetGrade
001f0e40 00000050 T P_HasGrades
001f0e90 00000060 T P_GetScoreForGrade
001f0ef0 000000c8 T P_AddNiGHTSTimes
001f0fb8 0000006c T P_PrecacheLevelFlats
001f1024 00000018 T P_AddLevelFlatRuntime
001f103c 000001fc T P_ReloadRings
001f1238 00000084 T P_SwitchSpheresBonusMode
001f12bc 00000174 T P_WriteThings
001f1430 00000078 T P_SetupLevelSky
001f14a8 00000158 T P_RespawnThings
001f1600 000000c4 T P_LoadSoundsRange
001f16c4 00000080 T P_LoadMusicsRange
001f1744 000005a4 t P_LoadAddon
001f1ce8 000000a4 T P_RunSOC
001f1d8c 00003394 T P_LoadLevel
001f5120 00000034 T P_AddWadFile
001f5154 00000034 T P_AddFolder
001f5188 000000b0 t P_DivlineSide
001f5238 000000bc t P_InterceptVector2.isra.0
001f52f4 00000944 t P_CrossBSPNode
001f5c38 0000034c T P_CheckSight
001f5f84 00000250 t P_DoScrollMove
001f61d4 00000060 t P_DoPortalCopyFromLine
001f6234 000000c4 t P_CopySectorPortalToLines
001f62f8 000005d0 T T_Scroll
001f68c8 0000012c T T_Friction
001f69f4 00000098 t P_AddExecutorDelay
001f6a8c 000000a8 t Add_Pusher
001f6b34 000004d0 T T_Pusher
001f7004 0000022c T T_LaserFlash
001f7230 000001b4 t Add_Scroller
001f73e4 0000011c t P_SpawnPlaneScroller
001f7500 000000c0 t P_AddAirbob
001f75c0 000000ac t P_AddRaiseThinker
001f766c 000005f4 T T_FadeColormap
001f7c60 000000b4 t P_MakeFOFBouncy.part.0
001f7d14 000000d0 t P_FindObjectTypeFromTag
001f7de4 000001c0 t P_ProcessZoomTube.part.0
001f7fa4 00000180 T T_Disappear
001f8124 000000b4 t Add_ColormapFader.constprop.0
001f81d8 0000074c t P_FadeFakeFloor.isra.0
001f8924 00000118 t P_ResetFakeFloorFader
001f8a3c 00000118 T T_Fade
001f8b54 000006e8 t P_AddFakeFloor
001f923c 000000b4 t P_AddFakeFloorsByLine
001f92f0 000000b8 t P_IsMobjTouchingPlane.isra.0
001f93a8 000003bc T P_ParseAnimationDefintion
001f9764 00000148 T P_ParseANIMDEFSLump
001f98ac 00000270 T P_InitPicAnims
001f9b1c 00000070 T P_FindLowestFloorSurrounding
001f9b8c 00000090 T P_FindHighestFloorSurrounding
001f9c1c 000000e4 T P_FindNextHighestFloor
001f9d00 000000e4 T P_FindNextLowestFloor
001f9de4 0000008c T P_FindLowestCeilingSurrounding
001f9e70 0000008c T P_FindHighestCeilingSurrounding
001f9efc 0000048c T P_SwitchWeather
001fa388 000037ec t P_ProcessLineSpecial
001fdb74 0000008c T T_ExecutorDelay
001fdc00 000010f0 T P_RunTriggerLinedef
001fecf0 00000070 T P_RunNightserizeExecutors
001fed60 00000070 T P_RunDeNightserizeExecutors
001fedd0 00000070 T P_RunNightsLapExecutors
001fee40 000000d0 T P_RunNightsCapsuleTouchExecutors
001fef10 00000134 T P_LinedefExecute
001ff044 00000268 T P_SetupSignExit
001ff2ac 00000174 T P_IsFlagAtBase
001ff420 00000254 t P_ProcessTeamBase.part.0
001ff674 00000078 T P_IsMobjTouchingSectorPlane
001ff6ec 00000124 T P_IsMobjTouching3DFloor
001ff810 000000a8 t P_MobjTouching3DFloorSpecial
001ff8b8 00000098 t P_MobjTouching3DFloorSpecialFlag
001ff950 000000b8 t P_CheckPlayer3DFloorTrigger
001ffa08 0000006c T P_IsMobjTouchingPolyobj
001ffa74 000001a0 T P_MobjTouchingSectorSpecial
001ffc14 0000007c T P_ThingOnSpecial3DFloor
001ffc90 00000144 T P_MobjTouchingSectorSpecialFlag
001ffdd4 00000010 T P_PlayerTouchingSectorSpecial
001ffde4 00000010 T P_PlayerTouchingSectorSpecialFlag
001ffdf4 000001f0 T P_FindPlayerTrigger
001fffe4 0000005c T P_IsPlayerValid
00200040 00000068 T P_CanPlayerTrigger
002000a8 000013fc T P_ProcessSpecialSector
002014a4 000000d0 t P_PlayerOnSpecial3DFloor
00201574 000001f0 T P_PlayerInSpecialSector
00201764 000001ec T P_CheckMobjTrigger
00201950 00000090 T P_UpdateSpecials
002019e0 00000048 T P_GetFFloorID
00201a28 00000034 T P_GetFFloorByID
00201a5c 000000e4 T P_InitSpecials
00201b40 00000058 T P_ApplyFlatAlignment
00201b98 00000040 T P_GetSectorGravityFactor
00201bd8 0000001c T P_InitSectorPortals
00201bf4 00000098 T P_NewSectorPortal
00201c8c 00000074 T P_IsSectorPortalValid
00201d00 000000c0 T P_SectorHasPortal
00201dc0 00000028 T P_SectorGetFloorPortal
00201de8 00000028 T P_SectorGetCeilingPortal
00201e10 0000008c T P_SectorHasFloorPortal
00201e9c 0000008c T P_SectorHasCeilingPortal
00201f28 00000094 T P_CompareSectorPortals
00201fbc 00003758 T P_SpawnSpecials
00205714 000001fc T P_MixUp
00205910 00000220 T P_Teleport
00205b30 00000180 t P_DoAutobalanceTeams
00205cb0 00000074 T P_RemoveThinkerDelayed
00205d24 00000198 T Command_Numthinkers_f
00205ebc 00000160 T Command_CountMobjs_f
0020601c 00000024 T P_InitThinkers
00206040 0000004c T P_AddThinker
0020608c 00000030 T P_RemoveThinker
002060bc 00000030 T P_SetTarget2
002060ec 000000d8 T P_DoTeamscrambling
002061c4 00000ca8 T P_Ticker
00206e6c 00000278 T P_PreTicker
002070e4 0000008c t P_FindAxis
00207170 00000240 t PIT_CheckSolidsTeeter
002073b0 00000060 t P_DoTwinSpin
00207410 000001a0 t P_GetAxisPosition
002075b0 00000048 t CV_CamRotate_OnChange
002075f8 00000050 t CV_CamRotate2_OnChange
00207648 00000170 t P_ShootLine
002077b8 000000c4 t P_GetMinecartSector
0020787c 000005b4 t P_DoTeeter
00207e30 0000042c t P_CheckBustableBlocks
0020825c 000003cc t P_CheckBouncySectors
00208628 0000009c T CV_UpdateCamDist
002086c4 0000009c T CV_UpdateCam2Dist
00208760 00000444 t P_DoBubbleBreath
00208ba4 000000dc t P_ConsiderAllGone.part.0
00208c80 000000f0 t P_GetMinecartSpecialLine.part.0
00208d70 00000074 t P_GetAxis
00208de4 0000014c t P_LookForRails
00208f30 000003a0 t P_SpawnShieldOrb.part.0
002092d0 0000008c t P_FindAxisTransfer.constprop.0
0020935c 00000074 T P_Thrust
002093d0 00000058 T P_ThrustEvenIn2D
00209428 000000b0 T P_VectorInstaThrust
002094d8 00000064 T P_InstaThrust
0020953c 00000794 t P_DoFiring
00209cd0 00000048 T P_InstaThrustEvenIn2D
00209d18 00000024 T P_ReturnThrustX
00209d3c 00000020 T P_ReturnThrustY
00209d5c 000000b0 T P_AutoPause
00209e0c 00000124 T P_PlayerMoving
00209f30 00000070 T P_GetNextEmerald
00209fa0 000001f4 T P_GiveEmerald
0020a194 000000dc T P_GiveFinishFlags
0020a270 000000b4 T P_FindLowestMare
0020a324 00000130 T P_TransferToNextMare
0020a454 00000128 T P_TransferToAxis
0020a57c 00000bc8 t P_NightsTransferPoints
0020b144 00000014 T P_GetJumpFlags
0020b158 00000084 T P_PlayerInPain
0020b1dc 00000144 T P_ResetPlayer
0020b320 00000290 T P_DoPlayerPain
0020b5b0 000002a8 T P_PlayerCanDamage
0020b858 0000007c T P_GivePlayerSpheres
0020b8d4 000000ec T P_PlayJingleMusic
0020b9c0 00000060 T P_PlayJingle
0020ba20 000001bc T P_DoSuperTransformation
0020bbdc 00000164 T P_PlayLivesJingle
0020bd40 0000016c T P_GivePlayerRings
0020beac 000002f8 t P_RestoreMusic.part.0
0020c1a4 000003cc t P_DeNightserizePlayer
0020c570 0000027c t P_CheckInvincibilityTimer
0020c7ec 000004fc T P_EvaluateMusicStatus
0020cce8 000000a4 T P_RestoreMusic
0020cd8c 00000048 T P_IsObjectInGoop
0020cdd4 000000a4 T P_IsObjectOnGround
0020ce78 0000022c T P_CalcHeight
0020d0a8 00000ec4 t P_3dMovement
0020df6c 00000038 T P_SetObjectMomZ
0020dfa4 00000070 T P_IsLocalPlayer
0020e014 00000024 T P_SpawnShieldOrb
0020e038 00000058 T P_SetPower
0020e090 000002d4 T P_SpawnGhostMobj
0020e364 000002f0 t P_SpawnSpinMobj.part.0
0020e654 00000260 T P_DoSuperDetransformation
0020e8b4 00000318 T P_SpawnThokMobj
0020ebcc 00000024 T P_SpawnSpinMobj
0020ebf0 0000010c T P_DoPlayerFinish
0020ecfc 000001fc T P_DoPlayerExit
0020eef8 000000bc T P_InSpaceSector
0020efb4 00000468 t P_CheckUnderwaterAndSpaceTimer
0020f41c 000000b4 T P_InQuicksand
0020f4d0 000000bc T P_InJumpFlipSector
0020f58c 00000090 T P_SuperReady
0020f61c 0000023c T P_DoSpinDashDust
0020f858 000001f0 T P_TwinSpinRejuvenate
0020fa48 00000130 T P_Telekinesis
0020fb78 000001e4 T P_GetPlayerControlDirection
0020fd5c 00000410 T P_ElementalFire
0021016c 00000198 T P_SpawnSkidDust
00210304 00000254 T P_NukeEnemies
00210558 000000b0 T P_BlackOw
00210608 000001d4 T P_SwitchShield
002107dc 000001dc T P_Earthquake
002109b8 000003c0 T P_LookForFocusTarget
00210d78 0000034c T P_LookForEnemies
002110c4 000000e0 T P_FindEmerald
002111a4 00000210 T P_GetLives
002113b4 00000218 T P_RestoreMultiMusic
002115cc 00001c40 T P_MoveChaseCamera
0021320c 00000274 T P_ResetCamera
00213480 000004dc T P_SpectatorJoinGame
0021395c 0000018c T P_GivePlayerLives
00213ae8 000000ac T P_GiveCoopLives
00213b94 00000384 T P_AddPlayerScore
00213f18 00000574 T P_NightserizePlayer
0021448c 00000114 T P_StealPlayerScore
002145a0 00000b44 t P_DoNiGHTSCapsule
002150e4 000000bc T P_DoPityCheck
002151a0 00000960 T P_DoTailsOverlay
00215b00 000006b0 T P_DoMetalJetFume
002161b0 000000b0 T P_DoFollowMobj
00216260 0000008c T P_SetPlayerAngle
002162ec 000008d0 T P_DoJump
00216bbc 000001bc T P_DoJumpShield
00216d78 0000008c T P_DoBubbleBounce
00216e04 000000f8 T P_DoAbilityBounce
00216efc 0000090c t P_PlayerHitFloor.part.0
00217808 00000058 T P_PlayerHitFloor
00217860 00000290 t P_CheckQuicksand
00217af0 00000a70 t P_DoSpinAbility
00218560 00000414 T P_HomingAttack
00218974 00001680 t P_DoJumpStuff
00219ff8 00001aa0 T P_PlayerAfterThink
0021ba98 000000bc T P_SetLocalAngle
0021bb54 00000e20 t P_DoClimbing
0021c974 0000006c T P_ForceLocalAngle
0021c9e0 00000074 T P_PlayerFullbright
0021ca54 000000c0 T P_PlayerCanEnterSpinGaps
0021cb14 000000f4 T P_PlayerShouldUseSpinHeight
0021cc08 000047a0 T P_MovePlayer
002213a8 00003c7c T P_PlayerThink
00225024 00000058 T P_GetPlayerColor
00225080 000000c8 t CalculateNormalDir
00225148 000000c8 t GetExtent
00225210 00000078 t MakeViaVectors
00225288 00000228 t P_UpdateSolidMidtextureSlope
002254b0 00000208 t P_GetReferenceSlopeForMidtexture
002256b8 0000022c T T_DynamicSlopeLine
002258e4 00000058 T P_CalculateSlopeNormal
00225940 00000090 T P_CalculateSlopeVectors
002259d0 00000284 t ReconfigureViaVertexes
00225c54 000000f0 T T_DynamicSlopeVert
00225d44 0000043c T P_CopySectorSlope
00226180 00000038 T P_SlopeById
002261b8 00000334 T P_MakeSlopeViaEquationConstants
002264ec 00001328 T P_SpawnSlopes
00227814 00000018 T P_InitSlopes
0022782c 0000005c T P_GetSlopeZAt
00227888 0000006c T P_GetZAt
002278f4 00000070 T P_GetSectorFloorZAt
00227964 00000070 T P_GetSectorCeilingZAt
002279d4 00000078 T P_GetFFloorTopZAt
00227a4c 00000078 T P_GetFFloorBottomZAt
00227ac4 00000070 T P_GetLightZAt
00227b34 00000040 T P_QuantizeMomentumToSlope
00227b74 0000006c T P_ReverseQuantizeMomentumToSlope
00227be0 000000d4 T P_SlopeLaunch
00227cb4 000000c0 T P_GetWallTransferMomZ
00227d74 000000dc T P_HandleSlopeLanding
00227e50 00000328 T P_ButteredSlope
00228178 00000114 t AngleAdj
0022828c 0000002c T SlopeDiv
002282b8 00000044 T SlopeDivEx
002282fc 00000044 T AngleFixed
00228340 00000050 T FixedAngle
00228390 000000a8 T FixedAngleC
00228438 0000001c T FixedAcos
00228454 00000204 T FV3_Rotate
00228658 00000074 T FM_RotateX
002286cc 00000074 T FM_RotateZ
00228740 00000018 t R_PolyobjCompare
00228758 00000308 t R_PolysegCompare
00228a60 00000154 t R_ClipSolidWallSegment
00228bb4 00000014 T R_ClearDrawSegs
00228bc8 00000038 T R_ClearClipSegs
00228c00 00000034 T R_PortalClearClipSegs
00228c34 0000054c T R_FakeFlat
00229180 0000022c T R_IsEmptyLine
002293ac 00000794 t R_AddLine
00229b40 000000c8 T R_SortPolyObjects
00229c08 000002d8 T R_Prep3DFloors
00229ee0 00000228 t R_CheckSectorLightLists.part.0
0022a108 00000080 T R_GetPlaneLight
0022a188 00000e68 T R_RenderBSPNode
0022aff0 00000290 T R_RenderPortalHorizonLine
0022b280 00000020 t LightTableNearest_LUT
0022b2a0 000002c0 T ASTBlendPixel
0022b560 00000044 T R_AddColormapToList
0022b5a4 00000064 T R_CheckDefaultColormap
0022b608 000000d0 T R_GetColormapFromListByValues
0022b6d8 00000028 T R_GetColormapFromList
0022b700 00000330 T R_GenerateLightTable
0022ba30 0000003c T R_CreateLightTable
0022ba6c 00000088 T R_CreateDefaultColormap
0022baf4 0000002c T R_GetDefaultColormap
0022bb20 00000120 T R_CheckEqualColormaps
0022bc40 000000bc T R_CopyColormap
0022bcfc 00000004 T R_UpdateLightTable
0022bd00 00000128 T R_CreateColormap
0022be28 00000838 T R_CreateColormapFromLinedef
0022c660 00000254 T R_AddColormaps
0022c8b4 00000090 T NearestPaletteColor
0022c944 000000fc T ASTBlendPaletteIndexes
0022ca40 000001e8 t R_CreateFadeColormaps
0022cc28 00000100 T R_ReInitColormaps
0022cd28 00000008 t LightTableNearest
0022cd30 000000cc T R_InitData
0022cdfc 000003c8 T R_PrecacheLevel
0022d1c8 0000016c t R_CalcSlopeLight
0022d334 000000d8 t BlendTab_Translucent
0022d40c 00000018 T R_SkinTranslationToCacheIndex
0022d424 000002a0 T R_GenerateBlendTables
0022d6c4 00000100 T R_InitTranslucencyTables
0022d7c4 00000028 T R_GetTranslucencyTable
0022d7ec 000000bc T R_GetBlendTable
0022d8a8 0000004c T R_BlendLevelVisible
0022d8f4 000001e4 T R_GetTranslationColormap
0022dad8 000003c8 t R_GenerateTranslationColormap
0022dea0 0000003c T R_FlushTranslationColormapCache
0022dedc 00000080 T R_GetColorByName
0022df5c 00000098 T R_GetSuperColorByName
0022dff4 00000074 T R_InitViewBuffer
0022e068 0000018c T R_DrawColumn_8
0022e1f4 000001dc T R_DrawColumnClamped_8
0022e3d0 0000019c T R_Draw2sMultiPatchColumn_8
0022e56c 000001f0 T R_Draw2sMultiPatchTranslucentColumn_8
0022e75c 000000b0 T R_DrawShadeColumn_8
0022e80c 00000194 T R_DrawTranslucentColumn_8
0022e9a0 00000218 T R_DrawTranslucentColumnClamped_8
0022ebb8 000000b8 T R_DrawDropShadowColumn_8
0022ec70 000001e8 T R_DrawTranslatedTranslucentColumn_8
0022ee58 00000098 T R_DrawTranslatedColumn_8
0022eef0 000002dc T R_DrawSpan_8
0022f1d0 000003f0 T R_DrawTiltedSpan_8
0022f5c0 00000428 T R_DrawTiltedTranslucentSpan_8
0022f9e8 0000046c T R_DrawTiltedWaterSpan_8
0022fe58 000003f8 T R_DrawTiltedSplat_8
00230250 00000428 T R_DrawTiltedTranslucentSplat_8
00230678 00000380 T R_DrawSplat_8
002309f8 000003e8 T R_DrawTranslucentSplat_8
00230de0 000003e8 T R_DrawFloorSprite_8
002311c8 00000480 T R_DrawTranslucentFloorSprite_8
00231648 00000360 T R_DrawTiltedFloorSprite_8
002319a8 000003a0 T R_DrawTiltedTranslucentFloorSprite_8
00231d48 0000038c T R_DrawTranslucentSpan_8
002320d4 000003ac T R_DrawWaterSpan_8
00232480 000000c4 T R_DrawFogSpan_8
00232544 000000a0 T R_DrawTiltedFogSpan_8
002325e4 00000050 T R_DrawSolidColorSpan_8
00232634 0000009c T R_DrawTransSolidColorSpan_8
002326d0 000000a4 T R_DrawTiltedSolidColorSpan_8
00232774 000000b4 T R_DrawTiltedTransSolidColorSpan_8
00232828 000000ac T R_DrawWaterSolidColorSpan_8
002328d4 000000c4 T R_DrawTiltedWaterSolidColorSpan_8
00232998 00000060 T R_DrawFogColumn_8
002329f8 0000013c T R_DrawColumnShadowed_8
00232b34 000001b8 T R_DrawSpan_NPO2_8
00232cf0 000009ac T R_DrawTiltedSpan_NPO2_8
002336a0 000009e4 T R_DrawTiltedTranslucentSpan_NPO2_8
00234088 00000988 T R_DrawTiltedSplat_NPO2_8
00234a10 000009bc T R_DrawTiltedTranslucentSplat_NPO2_8
002353cc 000001bc T R_DrawSplat_NPO2_8
00235588 000001d8 T R_DrawTranslucentSplat_NPO2_8
00235760 000001e0 T R_DrawFloorSprite_NPO2_8
00235940 000001f8 T R_DrawTranslucentFloorSprite_NPO2_8
00235b38 000008a4 T R_DrawTiltedFloorSprite_NPO2_8
002363e0 000008e8 T R_DrawTiltedTranslucentFloorSprite_NPO2_8
00236cc8 000001cc T R_DrawTranslucentSpan_NPO2_8
00236e94 000001f4 T R_DrawWaterSpan_NPO2_8
00237088 00000a5c T R_DrawTiltedWaterSpan_NPO2_8
00237ae4 00000098 t CreateInterpolator
00237b7c 00000050 t RecalculatePolyobjectSegAngles
00237bcc 00000250 t UpdateLevelInterpolatorState
00237e1c 00000040 T R_GetFramerateCap
00237e5c 00000064 T R_UsingFrameInterpolation
00237ec0 000003dc T R_InterpolateView
0023829c 000000b0 T R_UpdateViewInterpolation
0023834c 00000044 T R_ResetViewInterpolation
00238390 000000ac T R_SetViewContext
0023843c 000002cc T R_InterpolateMobjState
00238708 00000230 T R_InterpolatePrecipMobjState
00238938 00000044 T R_CreateInterpolator_SectorPlane
0023897c 00000044 T R_CreateInterpolator_SectorScroll
002389c0 00000028 T R_CreateInterpolator_SideScroll
002389e8 00000108 T R_CreateInterpolator_Polyobj
00238af0 000000b0 T R_CreateInterpolator_DynSlope
00238ba0 0000001c T R_InitializeLevelInterpolators
00238bbc 0000003c T R_UpdateLevelInterpolators
00238bf8 0000005c T R_ClearLevelInterpolatorState
00238c58 0000038c T R_ApplyLevelInterpolators
00238fe4 0000016c T R_RestoreLevelInterpolators
00239150 00000064 T R_DestroyLevelInterpolators
002391b4 00000150 T R_AddMobjInterpolator
00239304 0000005c T R_RemoveMobjInterpolator
00239360 0000001c T R_InitMobjInterpolators
0023937c 000000e4 T R_ResetMobjInterpolationState
00239460 0000005c T R_UpdateMobjInterpolators
002394bc 000000b4 T R_ResetPrecipitationMobjInterpolationState
00239570 00000014 T R_SetViewSize
00239584 00000004 t FlipCam_OnChange
00239588 00000004 t FlipCam2_OnChange
0023958c 000002f4 t R_SetFov
00239880 00000044 t ChaseCam_OnChange
002398c4 00000058 t ChaseCam2_OnChange
0023991c 00000014 t Fov_OnChange
00239930 000000c8 T R_PointOnSide
002399f8 000000c4 T R_PointOnSegSide
00239abc 00000148 T R_PointToAngle
00239c04 00000178 T R_PointToAngle64
00239d7c 00000138 T R_PointToAngle2
00239eb4 000000dc T R_PointToDist2
00239f90 000000ec T R_PointToDist
0023a07c 00000060 T R_GetFFloorLine
0023a0dc 00000090 T R_GetFFloorSide
0023a16c 00000084 T R_DoCulling
0023a1f0 000004e0 T R_CheckViewMorph
0023a6d0 000001e4 T R_ApplyViewMorph
0023a8b4 0000017c T R_ExecuteSetViewSize
0023aa30 00000138 T SplitScreen_OnChange
0023ab68 000000a4 T R_Init
0023ac0c 000000c0 T R_IsPointInSector
0023accc 00000078 T R_PointInSubsector
0023ad44 000000f8 T R_PointInSubsectorOrNull
0023ae3c 00000460 T R_SkyboxFrame
0023b29c 000002b0 T R_ViewpointHasChasecam
0023b54c 0000045c T R_SetupFrame
0023b9a8 00000628 T R_RenderPlayerView
0023bfd0 0000022c T R_RegisterEngineStuff
0023c1fc 00000088 t R_CalculateRippleOffset
0023c284 000002b8 t R_MapPlane
0023c53c 000000b4 t R_MapFogPlane
0023c5f0 00000078 t R_MapTiltedFogPlane
0023c668 00000128 t DoSlopeCrossProducts
0023c790 000001a0 t R_DrawSkyPlane
0023c930 000000a0 t new_visplane
0023c9d0 0000012c t R_SetSlopePlaneOrigin
0023cb00 00000134 t CalcSlopeLightVectors
0023cc34 000000e4 T R_ClearFFloorClips
0023cd18 000001bc T R_ClearPlanes
0023ced8 00000618 T R_FindPlane
0023d4f0 000001d0 T R_CheckPlane
0023d6c0 00000028 T R_ExpandPlane
0023d6e8 000002c0 T R_SetSlopePlane
0023d9a8 00000340 T R_SetScaledSlopePlane
0023dce8 00000268 t CalcSlopePlaneVectors
0023df50 00000174 t R_MapTiltedPlane
0023e0c4 00000930 t R_DrawSinglePlane.part.0
0023e9f4 0000011c T R_DrawPlanes
0023eb10 00000030 T R_DrawSinglePlane
0023eb40 00000070 T R_PlaneBounds
0023ebb0 00000190 t R_Render2sidedMultiPatchColumn
0023ed40 00000028 t R_DrawRegularWall
0023ed68 00000004 t R_DrawNoWall
0023ed6c 000000d0 t R_ScaleFromGlobalAngle
0023ee3c 00000128 t R_DrawRepeatFlippedMaskedColumn
0023ef64 00000120 t R_DrawRepeatMaskedColumn
0023f084 00000174 t R_RenderFlipped2sidedMultiPatchColumn
0023f1f8 0000001c t R_DrawFlippedWall
0023f214 00001360 t R_RenderSegLoop
00240574 0000001c T R_ClearSegTables
00240590 00000d44 T R_RenderMaskedSegRange
002412d8 00001584 T R_RenderThickSideRange
00242860 000036d8 T R_StoreWallRange
00245f38 000002d0 t SetSkin
00246208 00000080 t W_CheckForPatchSkinMarkerInPwad
00246288 00000080 t W_CheckForSkinMarkerInPwad
00246308 00000258 t R_LoadSkinSprites
00246560 00000cfc t R_ProcessPatchableFields.part.0
0024725c 00000020 T P_GetStateSprite2
0024727c 00000014 T P_GetSprite2StateFrame
00247290 0000001c T P_IsStateSprite2Super
002472ac 00000098 T P_ApplySuperFlagToSprite2
00247344 00000224 T P_GetSkinSprite2
00247568 0000004c T P_GetSkinSpritedef
002475b4 00000058 T P_GetSkinSpriteInfo
0024760c 00000058 T P_IsValidSprite2
00247664 00000014 T R_InitSkins
00247678 00000078 T R_GetSkinAvailabilities
002476f0 000001d0 T R_SkinUsable
002478c0 00000060 T R_SkinAvailable
00247920 000000e4 T R_GetForcedSkin
00247a04 0000005c T GetPlayerDefaultSkin
00247a60 00000158 T SetPlayerSkin
00247bb8 00000134 T SetPlayerSkinByNum
00247cec 00000834 T R_AddSkins
00248520 000004f8 T R_PatchSkins
00248a18 000003b8 T R_RefreshSprite2
00248dd0 000000ec T R_SetSkyScale
00248ebc 00000034 T R_SetupSkyDraw
00248ef0 0000026c t rasterize_segment_tex
0024915c 00001bc4 T R_DrawFloorSplat
0024ad20 000001bc T R_DrawMaskedColumn
0024aedc 00000138 t GetSingleFrameAndRotation
0024b014 00000174 t CheckFrame
0024b188 000006c0 t R_InstallSpriteLump
0024b848 000000a0 t R_CreateDrawNode
0024b8e8 0000009c t R_DrawFlippedPost.part.0
0024b984 000001dc T R_DrawFlippedMaskedColumn
0024bb60 0000012c t R_SkewShadowSprite.constprop.0
0024bc8c 00000084 t R_NewVisSprite
0024bd10 00000384 t R_ProjectBoundingBox
0024c094 0000040c t R_SortVisSprites.constprop.0
0024c4a0 00000050 T R_GetSpriteNumByName
0024c4f0 000007a8 T R_AddSingleSpriteDef
0024cc98 00000528 T R_AddSpriteDefs
0024d1c0 000001c4 T R_InitSprites
0024d384 0000001c T R_ClearSprites
0024d3a0 0000000c T R_DrawFlippedPost
0024d3ac 000001f0 T R_GetTranslationForThing
0024d59c 00000740 t R_DrawVisSprite
0024dcdc 000003cc T R_GetShadowZ
0024e0a8 00000018 T R_InitDrawNodes
0024e0c0 00000c0c T R_ClipSprites
0024eccc 0000010c T R_ThingVisible
0024edd8 00000080 T R_ThingWithinDist
0024ee58 0000014c T R_ThingOffsetOverlay
0024efa4 0000329c T R_AddSprites
00252240 00000e40 T R_DrawMasked
00253080 0000017c t draw_bbox_col
002531fc 00000348 t draw_bbox_row
00253544 000000a0 T R_GetBoundingBoxColor
002535e4 000000e8 T R_DrawThingBoundingBox
002536cc 00000120 T R_ThingBoundingBoxVisible
002537ec 0000010c t R_DrawFlippedColumnInCache
002538f8 0000009c t R_DrawColumnInCache
00253994 00000144 t R_DrawBlendColumnInCache
00253ad8 00000158 t R_DrawBlendFlippedColumnInCache
00253c30 0000068c t R_ParsePatch
002542bc 000000d0 t AddTextureToCache
0025438c 00000088 t count_range
00254414 00000468 t R_ParseTexture
0025487c 000000e8 t R_AddSinglePatchTexture
00254964 000001d8 t R_AllocateTextures
00254b3c 00000754 T R_GenerateTexture
00255290 00000134 T R_GetFlatForTexture
002553c4 00000030 T R_GetTextureNum
002553f4 0000001c T R_CheckTextureCache
00255410 00000054 T R_GetColumn
00255464 00000018 T R_GetTextureNumForFlat
0025547c 0000002c T R_GetFlat
002554a8 0000004c T R_CheckPowersOfTwo
002554f4 00000030 T R_CheckSolidColorFlat
00255524 000000b4 T R_GetFlatSize
002555d8 000001d8 t Rloadflats
002557b0 000000bc T R_GetFlatBits
0025586c 000001d8 T R_SetFlatVars
00255a44 00000100 T R_CountTexturesInTEXTURESLump
00255b44 000000ac t R_CountTextures
00255bf0 0000012c T R_ParseTEXTURESLump
00255d1c 00000204 t Rloadtextures
00255f20 00000040 T R_LoadTexturesPwad
00255f60 000000a4 T R_LoadTextures
00256004 00000078 T R_ClearTextureNumCache
0025607c 0000012c T R_CheckTextureNumForName
002561a8 00000034 T R_CheckTextureNameForNum
002561dc 00000050 T R_TextureNameForNum
0025622c 00000060 T R_TextureNumForName
0025628c 0000013c T R_CheckFlatNumForName
002563c8 00000030 t MakeResult
002563f8 00000038 t ExpectToken
00256430 00000028 t ParseNumber
00256458 00000028 t ParseDecimal
00256480 00000064 t ThrowError
002564e4 00000050 t PrintError
00256538 00000750 t PaletteRemap_Apply
00256c88 0000006c t R_ApplyTranslationRemap
00256cf4 00000058 T PaletteRemap_Add
00256d4c 000000b0 T R_LoadParsedTranslations
00256dfc 000000c4 T R_FindCustomTranslation
00256ec0 0000005c T R_FindCustomTranslation_CaseInsensitive
00256f1c 0000018c T R_AddCustomTranslation
002570a8 00000324 T PaletteRemap_Init
002573cc 00001168 T R_ParseTrnslate
00258534 0000004c T R_GetCustomTranslationName
00258580 0000012c T R_GetTranslationRemap
002586ac 0000007c T R_UpdateTranslationRemaps
00258728 0000002c T R_TranslationIsValid
00258754 00000054 T R_GetBuiltInTranslation
002587a8 000000c4 t Patch_FreeData
0025886c 00000010 t Patch_FreeTagsCallback
0025887c 00000090 T Patch_CalcDataSizes
0025890c 00000138 T Patch_MakeColumns
00258a44 00000154 T Patch_CreateFromDoomPatch
00258b98 00000020 T Patch_Free
00258bb8 0000000c T Patch_FreeTags
00258bc4 00000058 T Patch_GenerateFlat
00258c1c 00000008 T R_SpriteRotationAngle
00258c24 00000044 T R_GetRollAngle
00258c68 000006c4 T RotatedPatch_DoRotation
0025932c 00000110 T Patch_GetRotatedSprite
0025943c 00000010 t ReadPixelFunc_Flat_8bpp
0025944c 00000010 t ReadPixelFunc_Flat_16bpp
0025945c 00000010 t ReadPixelFunc_Flat_32bpp
0025946c 00000008 t GetAlphaFunc_32bpp
00259474 0000000c t GetAlphaFunc_16bpp
00259480 00000020 t GetAlphaFunc_8bpp
002594a0 00000028 t WritePatchPixel_i32o32
002594c8 00000038 t WritePatchPixel_i16o32
00259500 00000038 t WritePatchPixel_i8o32
00259538 0000000c t WritePatchPixel_i16o16
00259544 00000014 t WritePatchPixel_i8o16
00259558 0000000c t WritePatchPixel_i16o8
00259564 0000000c t WritePatchPixel_i8o8
00259570 00000030 t WritePatchPixel_i32o8
002595a0 00000034 t WritePatchPixel_i32o16
002595d4 00000018 t PNG_warn
002595ec 00000018 t PNG_error
00259604 0000060c t R_ParseSpriteInfo
00259c10 0000009c t PNG_ChunkReader
00259cac 00000060 t PNG_IOReader
00259d0c 000003d4 t PNG_Read.constprop.0
0025a0e0 0000086c T Picture_PatchConvert
0025a94c 00000244 T Picture_GetPatchPixel
0025ab90 0000000c t ReadPixelFunc_Patch
0025ab9c 00000538 T Picture_FlatConvert
0025b0d4 00000114 T Picture_Convert
0025b1e8 00000150 T Picture_TextureToFlat
0025b338 00000030 T Picture_IsLumpPNG
0025b368 00000720 T Picture_PNGConvert
0025ba88 00000230 T Picture_PNGDimensions
0025bcb8 000000dc T R_ParseSPRTINFOLump
0025bd94 000000a8 T R_LoadSpriteInfoLumps
0025be3c 00000088 t Portal_ClipVisplane
0025bec4 0000022c t Portal_GetViewpointForSkybox
0025c0f0 000000c0 t Portal_Add
0025c1b0 00000144 t Portal_AddSkybox
0025c2f4 00000104 t Portal_GetViewpointForLine.isra.0
0025c3f8 00000264 t Portal_GetViewpointForSecPortal
0025c65c 0000001c T Portal_InitList
0025c678 00000070 T Portal_ClipRange
0025c6e8 00000100 T Portal_ClipApply
0025c7e8 00000044 T Portal_Remove
0025c82c 000000d8 T Portal_Add2Lines
0025c904 000000dc T Portal_AddTransferred
0025c9e0 00000258 T Portal_AddPlanePortals
0025cc38 00000004 t SCR_ChangeFullscreen
0025cc3c 00000040 T SCR_ChangeRenderer
0025cc7c 00000240 T SCR_SetDrawFuncs
0025cebc 000000f4 T SCR_SetMode
0025cfb0 00000070 T SCR_Startup
0025d020 00000080 T SCR_Recalc
0025d0a0 00000190 T SCR_CheckDefaultMode
0025d230 00000048 T SCR_SetDefaultMode
0025d278 00000054 T SCR_IsAspectCorrect
0025d2cc 00000100 t Taggroup_Add_Init
0025d3cc 00000098 T Tag_Add
0025d464 000000b0 T Tag_Remove
0025d514 0000001c T Tag_FSet
0025d530 00000018 T Tag_FGet
0025d548 00000044 T Tag_Find
0025d58c 00000090 T Tag_Share
0025d61c 00000060 T Tag_Compare
0025d67c 0000000c T Taggroup_Count
0025d688 00000048 T Taggroup_Iterate
0025d6d0 0000017c T Taggroup_Add
0025d84c 000001cc T Taggroup_Remove
0025da18 000001e8 T Taglist_InitGlobalTables
0025dc00 0000005c T Tag_Iterate_Sectors
0025dc5c 0000005c T Tag_Iterate_Lines
0025dcb8 0000005c T Tag_Iterate_Things
0025dd14 000000d4 T Tag_FindLineSpecial
0025dde8 00000128 T P_FindSpecialLineFromTag
0025df10 0000004c T Tag_SectorAdd
0025df5c 0000004c T Tag_SectorRemove
0025dfa8 000000cc T Tag_SectorFSet
0025e074 0000004c T Tag_NextUnused
0025e0c0 00000024 t CV_constextsize_OnChange
0025e0e4 00000008 t standardpdraw
0025e0ec 00000018 t mappedpdraw
0025e104 00000020 t translucentpdraw
0025e124 00000028 t transmappedpdraw
0025e150 000001a0 t V_CubeApply.part.0
0025e2f0 000012d8 t LoadPalette
0025f5c8 0000007c T R_GetPalname
0025f644 000000bc t CV_palette_OnChange
0025f700 00000044 T GetPalette
0025f744 000000c8 T V_SetPalette
0025f80c 00000030 T V_SetPaletteLump
0025f83c 00000064 T VID_BlitLinearScreen
0025f8a0 0000067c T V_DrawCroppedPatch
0025ff1c 000003f8 T V_DrawFill
00260314 000006a4 T V_DrawStretchyFixedPatch
002609b8 000000e0 T V_DrawContinueIcon
00260a98 00000414 T V_DrawFillConsoleMap
00260eac 000002c0 T V_DrawFadeFill
0026116c 00000184 T V_DrawFlatFill
002612f0 000000a0 T V_DrawPatchFill
00261390 000000a8 T V_DrawFadeScreen
00261438 00000054 T V_DrawFadeConsBack
0026148c 000000f8 T V_DrawPromptBack
00261584 00000120 T V_GetStringColormap
002616a4 000000dc T V_DrawFontCharacter
00261780 00000164 T V_FontWordWrap
002618e4 0000031c T V_DrawFontStringAtFixed
00261c00 0000000c T V_DrawFontString
00261c0c 000000ec T V_DrawTallNum
00261cf8 000000b8 T V_DrawPaddedTallNum
00261db0 000000e0 T V_DrawLevelActNum
00261e90 00000078 T V_LevelActNumWidth
00261f08 0000006c T V_CountNameTagLines
00261f74 00000154 T V_FontStringWidth
002620c8 00000154 T V_DrawAlignedFontStringAtFixed
0026221c 00000014 T V_DrawAlignedFontString
00262230 0000024c t V_DrawNameTagLine
0026247c 000001fc T V_DrawNameTag
00262678 000000e4 T V_FontStringHeight
0026275c 00000004 T V_DoPostProcessor
00262760 00000124 T InitColorLUT
00262884 0000005c T GetColorLUT
002628e0 00000098 T V_Init
00262978 00000094 T V_Recalc
00262a0c 0000004c t S_RemoveMusicStackEntry
00262a58 00000094 t S_StopChannel
00262aec 00000184 t S_getChannel
00262c70 000002e8 t S_StartCaption.part.0
00262f58 000000bc T S_StopMusic
00263014 0000041c t S_AdjustSoundParams.isra.0
00263430 00000134 t S_GetMusicLumpNum
00263564 000001b8 t S_AddMusicStackEntry
0026371c 00000034 T S_ResetCaptions
00263750 000000fc T S_RegisterSoundStuff
0026384c 00000078 T S_StopSounds
002638c4 000000e0 t SetChannelsNum
002639a4 00000070 T S_StopSoundByID
00263a14 00000058 T S_StopSoundByNum
00263a6c 00000018 T S_StartCaption
00263a84 00000558 T S_StartSoundAtVolume
00263fdc 000000d4 t S_StartSound.part.0
002640b0 00000084 t Captioning_OnChange
00264134 00000040 T S_StartSound
00264174 0000005c T S_StopSound
002641d0 000000e0 T S_UpdateClosedCaptions
002642b0 0000002c T S_ClearSfx
002642dc 00000070 T S_CalculateSoundDistance
0026434c 00000054 T S_OriginPlaying
002643a0 00000080 T S_IdPlaying
00264420 0000009c T S_SoundPlaying
002644bc 0000010c T S_InitSfxChannels
002645c8 000000ac t GameSounds_OnChange
00264678 00000718 T S_LoadMusicDefs
00264d90 0000003c T S_InitMusicDefs
00264dcc 00000164 T S_PrepareSoundTest
00264f30 00000004 T S_MusicPlaying
00264f34 00000004 T S_MusicPaused
00264f38 00000004 T S_MusicType
00264f3c 0000000c T S_MusicName
00264f48 0000008c T S_MusicExists
00264fd4 00000158 t S_GetMusicStackEntry.constprop.0
0026512c 00000004 T S_SpeedMusic
00265130 00000004 T S_GetMusicLength
00265134 00000004 T S_SetMusicLoopPoint
00265138 00000004 T S_GetMusicLoopPoint
0026513c 00000004 T S_SetMusicPosition
00265140 00000004 T S_GetMusicPosition
00265144 00000024 T S_SetStackAdjustmentStart
00265168 00000054 T S_AdjustMusicStackTics
002651bc 000000d8 T S_RetainMusic
00265294 00000048 T S_PauseAudio
002652dc 000000a0 T S_ResumeAudio
0026537c 000000c4 T S_SetMusicVolume
00265440 0000006c t Command_RestartAudio_f
002654ac 000004cc T S_UpdateSounds
00265978 00000440 T S_ChangeMusicEx
00265db8 0000014c t GameDigiMusic_OnChange
00265f04 00000144 t GameMIDIMusic_OnChange
00266048 00000134 t MusicPref_OnChange
0026617c 00000274 t Command_Tunes_f
002663f0 0000004c t S_ChangeMusicToQueue
0026643c 000003f0 T S_RecallMusic
0026682c 00000014 T S_SetInternalMusicVolume
00266840 00000004 T S_StopFadingMusic
00266844 00000020 T S_FadeMusicFromVolume
00266864 00000014 T S_FadeOutStopMusic
00266878 00000164 T S_StartEx
002669dc 000000d8 T S_InitRuntimeSounds
00266ab4 00000184 T S_AddSoundFx
00266c38 0000006c t ResFindSignature
00266ca4 000000ac t CheckConcatFolderPath
00266d50 00000110 t ResGetLumpsStandalone.constprop.0
00266e60 00000160 t CheckLumpInCache
00266fc0 0000014c t AddLumpToCache
0026710c 000000dc T W_OpenWadFile
002671e8 000000e4 T W_IsPathToFolderValid
002672cc 00000070 T W_GetFullFolderPath
0026733c 00000034 T W_CheckNameForNumPwad
00267370 00000120 T W_CheckNumForNamePwad
00267490 00000028 T W_CheckNumForMarkerStartPwad
002674b8 00000094 T W_CheckNumForFolderStartPK3
0026754c 0000007c T W_CheckNumForFolderEndPK3
002675c8 000004b0 t W_CheckNumForPatchNameInternal
00267a78 00000070 T W_GetLumpFolderPathPK3
00267ae8 000000b4 T W_GetLumpFolderNamePK3
00267b9c 00000148 T W_GetFolderLumpsPwad
00267ce4 0000009c T W_CountFolderLumpsPwad
00267d80 00000080 T W_CheckNumForFullNamePK3
00267e00 000001a8 t W_LoadDehackedLumpsPK3
00267fa8 00000500 T W_InitFolder
002684a8 0000008c T W_CheckNumForName
00268534 000001bc T W_CheckNumForMap
002686f0 00000024 T W_GetNumForName
00268714 00000008 T W_CheckNumForPatchName
0026871c 00000028 T W_GetNumForPatchName
00268744 000000c0 T W_LumpExists
00268804 00000134 T W_LumpLengthPwad
00268938 0000000c T W_LumpLength
00268944 00000090 T W_IsLumpWad
002689d4 00000070 T W_IsLumpFolder
00268a44 000000c0 T zerr
00268b08 000004b8 T W_ReadLumpHeaderPwad
00268fc0 00000144 t W_GetPatchPwad
00269104 00000028 T W_ReadLumpHeader
0026912c 00000028 T W_ReadLump
00269154 0000001c T W_ReadLumpPwad
00269170 000000a8 T W_CacheLumpNumPwad
00269218 00000014 T W_CacheLumpNum
0026922c 00000044 T W_CacheLumpName
00269270 00000030 T W_CachePatchNumPwad
002692a0 00000054 T W_CachePatchNum
002692f4 00000030 T W_GetCachedPatchNumPwad
00269324 00000160 T W_ReadPatchHeaderPwad
00269484 00000004 T W_UnlockCachedPatch
00269488 00000084 T W_CachePatchName
0026950c 00000084 T W_CachePatchLongName
00269590 00000004 T W_VerifyFileMD5
00269594 00000600 T W_VerifyNMUSlumps
00269b94 00000d38 T W_InitFile
0026a8cc 00000088 T W_InitMultipleFiles
0026a954 000002c4 T vres_GetMap
0026ac18 00000058 T vres_Free
0026ac70 000000cc T vres_Find
0026ad3c 0000000c t lumpnamecompare
0026ad48 00000080 t filemenucmp
0026adc8 0000007c T fopenfile
0026ae44 00000308 T filesearch
0026b14c 00000058 T pathisdirectory
0026b1a4 00000098 T samepaths
0026b23c 0000011c T concatpaths
0026b358 0000064c T getdirectoryfiles
0026b9a4 000000f0 T closefilemenu
0026ba94 00000364 T searchfilemenu
0026bdf8 000006d0 T preparefilemenu
0026c4c8 00000130 T lzf_decompress
0026c5f8 00000360 T lzf_compress
0026c958 000000ac T B_UpdateBotleader
0026ca04 000002c0 T B_KeysToTiccmd
0026ccc4 0000000c T B_MoveBlocked
0026ccd0 000001c8 T B_CheckRespawn
0026ce98 00000ccc T B_BuildTiccmd
0026db64 000001ac T B_RespawnBot
0026dd10 000001a8 T B_HandleFlightIndicator
0026deb8 00000040 T ListAdd
0026def8 00000094 t Initialise
0026df8c 000000d0 t FindFreeSlot
0026e05c 00000030 T Snake_Allocate
0026e08c 00000ad4 T Snake_Update
0026eb60 0000041c T Snake_Draw
0026ef7c 00000034 T Snake_Free
0026efb0 00000048 T Snake_JoyGrabber
0026eff8 000001c0 T LUA_GetErrorMessage
0026f1b8 00000030 t LUA_Panic
0026f1e8 000008a0 t ArchiveValue
0026fa88 00000044 t NetArchive
0026facc 000002bc t ArchiveExtVars
0026fd88 0000004c t LUA_Alloc
0026fdd4 00000068 T LUA_Call
0026fe3c 00000540 T LUA_CheckGlobals
0027037c 00000144 t setglobals
002704c0 00000334 T LUA_LoadLump
002707f4 00000104 T LUA_DoLump
002708f8 00000180 T LUA_EvalMath
00270a78 000000c0 T LUA_RawPushUserdata
00270b38 0000003c T LUA_PushUserdata
00270b74 000006f4 t UnArchiveValue
00271268 00000040 t NetUnArchive
002712a8 000000dc t UnArchiveExtVars
00271384 00001c40 T LUA_PushGlobals
00272fc4 000000fc T LUA_InvalidateUserdata
002730c0 0000007c t LUA_InvalidateMapthings.part.0
0027313c 00000310 T LUA_InvalidateLevel
0027344c 00000018 T LUA_InvalidateMapthings
00273464 00000034 T LUA_InvalidatePlayer
00273498 00000038 T LUA_Step
002734d0 0000031c T LUA_Archive
002737ec 00000250 T LUA_UnArchive
00273a3c 00000090 T Lua_optoption
00273acc 0000006c T Lua_CreateFieldTable
00273b38 00000130 T LUA_PushTaggableObjectArray
00273c68 00000034 T LUA_SetCFunctionField
00273c9c 000000ac T LUA_RegisterUserdataMetatable
00273d48 000000d8 T LUA_CreateAndSetMetatable
00273e20 0000009c T LUA_CreateAndSetUserdataField
00273ebc 00000078 T LUA_RegisterGlobalUserdata
00273f34 00000050 t lib_getTimeMicros
00273f84 0000002c t lib_pGetSuperSprite2
00273fb0 00000028 t lib_gTicsToMilliseconds
00273fd8 00000028 t lib_gTicsToCentiseconds
00274000 00000028 t lib_gTicsToSeconds
00274028 0000005c t lib_gTicsToMinutes
00274084 00000028 t lib_gTicsToHours
002740ac 000000d0 t lib_gRemovePlayer
0027417c 00000118 t lib_gSetCustomExitVars
00274294 000000cc t lib_gDoReborn
00274360 00000084 t lib_rChar2Frame
002743e4 0000006c t lib_rGetNameByColor
00274450 000000a8 t lib_rFrame2Char
002744f8 00000068 t lib_gFindMapByNameOrCode
00274560 00000098 t Lpushdim
002745f8 00000168 t lib_gFindMap
00274760 0000003c t lib_gSetUsedCheats
0027479c 0000002c t lib_rGetColorByName
002747c8 00000288 t lib_gAddPlayer
00274a50 00000cf4 t lib_gAddGametype
00275744 000000d0 t lib_pResetScore
00275814 0000009c t lib_pGetPlayerSpinHeight
002758b0 0000009c t lib_pGetPlayerHeight
0027594c 00000300 t lib_pSetSkyboxMobj
00275c4c 000000f4 t lib_sSetMusicLoopPoint
00275d40 000000dc t lib_sMusicExists
00275e1c 000000d0 t lib_sStartMusicCaption
00275eec 000000a8 t GetUserdataUType
00275f94 0000003c t lib_userdataType
00275fd0 00000058 t lib_sIdPlaying
00276028 00000028 t lib_sSetMusicPosition
00276050 00000020 t lib_sGetMusicPosition
00276070 00000020 t lib_sGetMusicLength
00276090 000000a4 t lib_sFadeOutStopMusic
00276134 000001a4 t lib_sFadeMusic
002762d8 00000090 t lib_sStopFadingMusic
00276368 000000a4 t lib_sSetInternalMusicVolume
0027640c 0000007c t lib_sStopMusic
00276488 000000a8 t lib_sSpeedMusic
00276530 0000019c t lib_sChangeMusic
002766cc 0000002c t lib_rGetSuperColorByName
002766f8 00000048 t lib_rTextureNameForNum
00276740 00000048 t lib_rCheckTextureNameForNum
00276788 0000002c t lib_rTextureNumForName
002767b4 0000002c t lib_rCheckTextureNumForName
002767e0 00000060 t lib_pIsStateSprite2Super
00276840 00000060 t lib_pGetSprite2StateFrame
002768a0 00000060 t lib_pGetStateSprite2
00276900 00000150 t lib_rSkinUsable
00276a50 000001f0 t lib_rSetPlayerSkin
00276c40 0000009c t lib_rPointInSubsectorOrNil
00276cdc 00000084 t lib_rPointInSubsector
00276d60 00000070 t lib_rPointToDist2
00276dd0 00000040 t lib_rPointToDist
00276e10 00000070 t lib_rPointToAngle2
00276e80 00000040 t lib_rPointToAngle
00276ec0 000000d0 t lib_pButteredSlope
00276f90 000000a4 t lib_pGetZAt
00277034 000001dc t lib_evStartCrumble
00277210 0000029c t lib_pStartQuake
002774ac 00000118 t lib_pSetupLevelSky
002775c4 000000d0 t lib_pIsFlagAtBase
00277694 0000017c t lib_pFadeLight
00277810 000000d0 t lib_pSpawnLightningFlash
002778e0 0000014c t lib_pLinedefExecute
00277a2c 00000114 t lib_pSwitchWeather
00277b40 000000e4 t lib_pFindSpecialLineFromTag
00277c24 0000008c t lib_pFindHighestCeilingSurrounding
00277cb0 0000008c t lib_pFindLowestCeilingSurrounding
00277d3c 000000b8 t lib_pFindNextLowestFloor
00277df4 000000b8 t lib_pFindNextHighestFloor
00277eac 0000008c t lib_pFindHighestFloorSurrounding
00277f38 0000008c t lib_pFindLowestFloorSurrounding
00277fc4 000000ac t lib_pPlayerTouchingSectorSpecialFlag
00278070 000000c0 t lib_pPlayerTouchingSectorSpecial
00278130 000000ac t lib_pMobjTouchingSectorSpecialFlag
002781dc 00000124 t lib_pThingOnSpecial3DFloor
00278300 000000c0 t lib_pMobjTouchingSectorSpecial
002783c0 000000d0 t lib_pExplodeMissile
00278490 000000d0 t lib_pDoSuperDetransformation
00278560 00000104 t lib_pDoSuperTransformation
00278664 00000150 t lib_pSetMobjStateNF
002787b4 000001ac t lib_pVectorInstaThrust
00278960 000000fc t lib_pThrustEvenIn2D
00278a5c 000000fc t lib_pThrust
00278b58 000000d0 t lib_pDoMatchSuper
00278c28 000000d0 t lib_pDoNightsScore
00278cf8 000000c0 t lib_pCanPickupItem
00278db8 00000070 t lib_pPlayLivesJingle
00278e28 00000150 t lib_pPlayVictorySound
00278f78 00000150 t lib_pPlayDeathSound
002790c8 0000016c t lib_pPlayRinglossSound
00279234 000000d4 t lib_pRandomKey
00279308 00000104 t lib_pPlayerFlagBurst
0027940c 00000104 t lib_pPlayerEmeraldBurst
00279510 000000d0 t lib_pPlayerWeaponPanelOrAmmoBurst
002795e0 000000d0 t lib_pPlayerWeaponAmmoBurst
002796b0 000000d0 t lib_pPlayerWeaponPanelBurst
00279780 000000f4 t lib_pPlayerRingBurst
00279874 00000180 t lib_pKillMobj
002799f4 000001b0 t lib_pDamageMobj
00279ba4 000000d0 t lib_pRemoveShield
00279c74 000000bc t lib_pTeleportCameraMove
00279d30 0000008c t lib_pTryCameraMove
00279dbc 00000160 t lib_pTouchSpecialThing
00279f1c 00000100 t lib_pDoSpring
0027a01c 00000160 t lib_pGetSectorColormapAt
0027a17c 00000168 t lib_pGetSectorLightLevelAt
0027a2e4 000000a4 t lib_pCeilingzAtPos
0027a388 000000a4 t lib_pFloorzAtPos
0027a42c 00000178 t lib_pRadiusAttack
0027a5a4 00000130 t lib_pCheckHoopPosition
0027a6d4 000000ac t lib_pCheckSight
0027a780 000000d0 t lib_pBounceMove
0027a850 000000d0 t lib_pSlideMove
0027a920 000001fc t lib_pLineIsBlocking
0027ab1c 00000144 t lib_pMoveOrigin
0027ac60 00000180 t lib_pTeleportMove
0027ade0 00000144 t lib_pSetOrigin
0027af24 0000011c t lib_pMove
0027b040 00000160 t lib_pTryMove
0027b1a0 00000130 t lib_pCheckPosition
0027b2d0 0000008c t lib_pPlayerShouldUseSpinHeight
0027b35c 0000008c t lib_pPlayerCanEnterSpinGaps
0027b3e8 00000110 t lib_pDoFollowMobj
0027b4f8 00000110 t lib_pDoMetalJetFume
0027b608 00000110 t lib_pDoTailsOverlay
0027b718 000000ec t lib_pSwitchShield
0027b804 000000fc t lib_pTelekinesis
0027b900 00000154 t lib_pSpawnSpinMobj
0027ba54 000000d0 t lib_pSpawnThokMobj
0027bb24 000000d0 t lib_pDoSpinDashDust
0027bbf4 00000134 t lib_pDoJump
0027bd28 0000008c t lib_pSuperReady
0027bdb4 00000084 t lib_pResetCamera
0027be38 00000100 t lib_pHomingAttack
0027bf38 0000012c t lib_pEarthquake
0027c064 0000012c t lib_pNukeEnemies
0027c190 00000148 t lib_pLookForEnemies
0027c2d8 00000078 t lib_pReturnThrustY
0027c350 00000078 t lib_pReturnThrustX
0027c3c8 000000fc t lib_pInstaThrustEvenIn2D
0027c4c4 000000fc t lib_pInstaThrust
0027c5c0 00000104 t lib_pDoPlayerExit
0027c6c4 000000d0 t lib_pDoPlayerFinish
0027c794 000000f4 t lib_pMovePlayer
0027c888 00000118 t lib_pSpawnSkidDust
0027c9a0 00000104 t lib_pElementalFire
0027caa4 000000d0 t lib_pBlackOw
0027cb74 000000d0 t lib_pDoBubbleBounce
0027cc44 000000d0 t lib_pDoJumpShield
0027cd14 00000118 t lib_pGiveCoopLives
0027ce2c 000000e8 t lib_pGivePlayerLives
0027cf14 000000e8 t lib_pGivePlayerSpheres
0027cffc 000000e8 t lib_pGivePlayerRings
0027d0e4 000000e0 t lib_pSpawnGhostMobj
0027d1c4 000000d0 t lib_pSpawnShieldOrb
0027d294 00000178 t lib_pPlayJingleMusic
0027d40c 000000a8 t lib_pPlayJingle
0027d4b4 00000118 t lib_pSetObjectMomZ
0027d5cc 0000008c t lib_pInJumpFlipSector
0027d658 0000008c t lib_pInQuicksand
0027d6e4 0000008c t lib_pInSpaceSector
0027d770 0000008c t lib_pIsObjectOnGround
0027d7fc 0000008c t lib_pIsObjectInGoop
0027d888 0000008c t lib_pPlayerFullbright
0027d914 0000011c t lib_pPlayerCanDamage
0027da30 000000d0 t lib_pResetPlayer
0027db00 00000168 t lib_pDoPlayerPain
0027dc68 0000008c t lib_pPlayerInPain
0027dcf4 000000dc t lib_pGetJumpFlags
0027ddd0 000000e8 t lib_pStealPlayerScore
0027deb8 000000e8 t lib_pAddPlayerScore
0027dfa0 0000008c t lib_pGetPlayerControlDirection
0027e02c 00000104 t lib_pPlayerZMovement
0027e130 00000130 t lib_pSceneryZMovement
0027e260 00000104 t lib_pRingZMovement
0027e364 00000130 t lib_pZMovement
0027e494 000000f4 t lib_pSceneryXYMovement
0027e588 000000f4 t lib_pRingXYMovement
0027e67c 000000f4 t lib_pXYMovement
0027e770 000000c8 t lib_pCheckSkyHit
0027e838 000000f4 t lib_pRailThinker
0027e92c 000000d0 t lib_pRemoveFloorSpriteSlope
0027e9fc 000000e4 t lib_pCreateFloorSpriteSlope
0027eae0 000000fc t lib_pMaceRotate
0027ebdc 000000c8 t lib_pCanRunOnWater
0027eca4 0000008c t lib_pCheckSolidLava
0027ed30 0000008c t lib_pCheckDeathPitCollide
0027edbc 000000c8 t lib_pInsideANonSolidFFloor
0027ee84 00000124 t lib_pSetScale
0027efa8 000000dc t lib_pSupermanLook4Players
0027f084 00000110 t lib_pBossTargetPlayer
0027f194 00000240 t lib_pSpawnParaloop
0027f3d4 00000090 t lib_pGetClosestAxis
0027f464 00000100 t lib_pFlashPal
0027f564 00000094 t lib_pWeaponOrPanel
0027f5f8 0000008c t lib_pGetMobjGravity
0027f684 0000008c t lib_pMobjFlip
0027f710 0000018c t lib_pSpawnPlayerMissile
0027f89c 000001bc t lib_pSPMAngle
0027fa58 00000110 t lib_pColorTeamMissile
0027fb68 000001c8 t lib_pSpawnAlteredDirectionMissile
0027fd30 000001f0 t lib_pSpawnPointMissile
0027ff20 000001d0 t lib_pSpawnXYZMissile
002800f0 00000184 t lib_pSpawnMissile
00280274 000001a0 t lib_pSpawnLockOn
00280414 00000180 t lib_pSpawnMobj
00280594 000000b8 t lib_pIsValidSprite2
0028064c 000000fc t lib_pRemoveMobj
00280748 000001b0 t lib_pSpawnMobjFromMobj
002808f8 00000158 t lib_pLookForPlayers
00280a50 000000d0 t lib_pNewChaseDir
00280b20 000000dc t lib_pCheckMissileRange
00280bfc 000000dc t lib_pSkimCheckMeleeRange
00280cd8 000000dc t lib_pFaceStabCheckMeleeRange
00280db4 000000dc t lib_pJetbCheckMeleeRange
00280e90 000000dc t lib_pCheckMeleeRange
00280f6c 00000150 t lib_pPointOnLineSide
002810bc 00000150 t lib_pClosestPointOnLine
0028120c 00000040 t lib_pAproxDistance
0028124c 000000fc t lib_pRandomRange
00281348 0000010c t lib_chatprintf
00281454 0000007c t lib_chatprint
002814d0 00000064 t lib_mMapNumber
00281534 0000002c t lib_pGetColorBefore
00281560 0000002c t lib_pGetColorAfter
0028158c 00000098 t lib_pMoveColorBefore
00281624 00000098 t lib_pMoveColorAfter
002816bc 0000006c t lib_tofixed
00281728 00000078 t lib_userdataMetatable
002817a0 000000d8 t lib_print
00281878 00000118 t lib_concat
00281990 00000070 t lib_gIsSpecialStage
00281a00 0000007c t lib_gExitLevel
00281a7c 00000068 t lib_reserveLuabanks
00281ae4 0000006c t lib_isPlayerAdmin
00281b50 000000d0 t lib_sResumeMusic
00281c20 000000d0 t lib_sPauseMusic
00281cf0 000000d0 t lib_sGetMusicLoopPoint
00281dc0 000000d0 t lib_sMusicName
00281e90 000000d0 t lib_sMusicPaused
00281f60 000000d0 t lib_sMusicPlaying
00282030 000000d0 t lib_sMusicType
00282100 00000144 t lib_evCrumbleChain
00282244 0000009c t lib_pRandomChance
002822e0 000000d8 t lib_registerMetatable
002823b8 00000088 t Lcheckmapnumber.constprop.0
00282440 0000002c t lib_gBuildMapName
0028246c 00000074 t lib_gBuildMapTitle
002824e0 0000017c t GetValidSoundOrigin.constprop.0
0028265c 00000164 t lib_sStartSound
002827c0 00000158 t lib_sStartSoundAtVolume
00282918 00000050 t lib_sStopSound
00282968 000000a4 t lib_sStopSoundByID
00282a0c 00000090 t lib_sOriginPlaying
00282a9c 000000e8 t lib_sSoundPlaying
00282b84 00000060 t lib_pRandomFixed
00282be4 00000060 t lib_pRandomByte
00282c44 00000060 t lib_pSignedRandom
00282ca4 00000050 t lib_pIsLocalPlayer
00282cf4 00000074 t lib_pRestoreMusic
00282d68 00000058 t lib_gCompetitionGametype
00282dc0 00000058 t lib_gTagGametype
00282e18 00000058 t lib_gCoopGametype
00282e70 00000058 t lib_gPlatformGametype
00282ec8 00000058 t lib_gRingSlingerGametype
00282f20 00000058 t lib_gGametypeHasSpectators
00282f78 00000058 t lib_gGametypeHasTeams
00282fd0 00000058 t lib_gGametypeUsesCoopStarposts
00283028 00000058 t lib_gGametypeUsesCoopLives
00283080 00000058 t lib_gGametypeUsesLives
002830d8 00000058 t lib_gEnoughPlayersFinished
00283130 0000002c T luaL_checkboolean
0028315c 0000009c T LUA_BaseLib
002831f8 00000040 t lib_getsecspecial
00283238 00000068 t lib_fixedround
002832a0 00000064 t lib_fixedceil
00283304 00000044 t lib_fixedtrunc
00283348 00000050 t lib_fixedfloor
00283398 0000002c t lib_fixedint
002833c4 00000040 t lib_fixedmul
00283404 00000024 t lib_invangle
00283428 0000003c t lib_finetangent
00283464 00000034 t lib_finecosine
00283498 00000030 t lib_finesine
002834c8 0000003c t lib_max
00283504 0000003c t lib_min
00283540 00000028 t lib_abs
00283568 000000f4 t lib_easeinoutback
0028365c 000000f4 t lib_easeoutback
00283750 000000f4 t lib_easeinback
00283844 00000098 t lib_easeinoutexpo
002838dc 00000098 t lib_easeoutexpo
00283974 00000098 t lib_easeinexpo
00283a0c 00000098 t lib_easeinoutquint
00283aa4 00000098 t lib_easeoutquint
00283b3c 00000098 t lib_easeinquint
00283bd4 00000098 t lib_easeinoutquart
00283c6c 00000098 t lib_easeoutquart
00283d04 00000098 t lib_easeinquart
00283d9c 00000098 t lib_easeinoutcubic
00283e34 00000098 t lib_easeoutcubic
00283ecc 00000098 t lib_easeincubic
00283f64 00000098 t lib_easeinoutquad
00283ffc 00000098 t lib_easeoutquad
00284094 00000098 t lib_easeinquad
0028412c 00000098 t lib_easeinoutsine
002841c4 00000098 t lib_easeoutsine
0028425c 00000098 t lib_easeinsine
002842f4 00000098 t lib_easelinear
0028438c 00000090 t lib_coloropposite
0028441c 0000008c t lib_fixeddiv
002844a8 00000030 t lib_all7emeralds
002844d8 00000050 t lib_fixedhypot
00284528 0000007c t lib_fixedrem
002845a4 00000028 t lib_anglefixed
002845cc 00000028 t lib_fixedangle
002845f4 00000028 t lib_fixedacos
0028461c 00000028 t lib_fixedasin
00284644 00000044 t lib_fixedsqrt
00284688 00000048 T LUA_MathLib
002846d0 000000b4 t add_hook_ref
00284784 0000002c t res_true
002847b0 00000048 t checkbotkey
002847f8 00000068 t get_hook_from_table
00284860 000001cc t res_botai
00284a2c 000001b8 t res_musicchange
00284be4 00000044 t res_force
00284c28 0000003c t res_false
00284c64 0000003c t res_playerheight
00284ca0 00000070 t call_mobj_type_hooks.part.0.isra.0
00284d10 000000e8 t call_single_hook_no_copy.isra.0
00284df8 000000f0 t prepare_mobj_hook.constprop.0
00284ee8 000000a8 t call_mapped
00284f90 000001f0 t hook_think_frame
00285180 00000224 t call_hooks
002853a4 00000480 t lib_addHook
00285824 00000068 T LUA_HookLib
0028588c 000000b4 T lib_hudadd
00285940 00000104 T LUA_HookMobj
00285a44 00000114 T LUA_Hook2Mobj
00285b58 00000094 T LUA_HookVoid
00285bec 000000a8 T LUA_HookInt
00285c94 000000a8 T LUA_HookBool
00285d3c 000000c0 T LUA_HookPlayer
00285dfc 000000f0 T LUA_HookTiccmd
00285eec 000000c0 T LUA_HookKey
00285fac 000000fc T LUA_HookHUD
002860a8 000001cc T LUA_HookCharacterHUD
00286274 00000008 T LUA_HookPreThinkFrame
0028627c 00000008 T LUA_HookThinkFrame
00286284 00000008 T LUA_HookPostThinkFrame
0028628c 00000118 T LUA_HookMobjLineCollide
002863a4 00000114 T LUA_HookTouchSpecial
002864b8 000000b4 T LUA_HookShouldDamage
0028656c 000000b4 T LUA_HookMobjDamage
00286620 000000a8 T LUA_HookMobjDeath
002866c8 0000012c T LUA_HookMobjMoveBlocked
002867f4 000000f8 T LUA_HookBotAI
002868ec 00000108 T LUA_HookLinedefExecute
002869f4 00000154 T LUA_HookPlayerMsg
00286b48 000000ac T LUA_HookHurtMsg
00286bf4 000000c4 T LUA_HookNetArchive
00286cb8 00000118 T LUA_HookMapThingSpawn
00286dd0 00000118 T LUA_HookFollowMobj
00286ee8 000000cc T LUA_HookPlayerCanDamage
00286fb4 000000b8 T LUA_HookPlayerQuit
0028706c 000000f0 T LUA_HookTeamSwitch
0028715c 000000e4 T LUA_HookViewpointSwitch
00287240 000000e0 T LUA_HookSeenPlayer
00287320 000000ec T LUA_HookShouldJingleContinue
0028740c 00000184 T LUA_HookMusicChange
00287590 000000b8 T LUA_HookPlayerHeight
00287648 000000b8 T LUA_HookPlayerCanEnterSpinGaps
00287700 0000014c t lib_consPrintf
0028784c 00000070 t lib_cvAddValue
002878bc 000000c0 t CVarSetFunction
0028797c 00000014 t lib_cvStealthSet
00287990 00000014 t lib_cvSet
002879a4 00000034 t lib_cvFindVar
002879d8 000000c4 t Lua_CanChange
00287a9c 000000a0 t Lua_OnChange
00287b3c 000001a0 t lib_comAddCommand
00287cdc 0000011c t cvar_get
00287df8 00000a38 t lib_cvRegisterVar
00288830 000000e8 t lib_comBufInsertText
00288918 000000e8 t lib_comBufAddText
00288a00 00000318 T Got_Luacmd
00288d18 00000380 T COM_Lua_f
00289098 00000010 T LUA_CVarChanged
002890a8 000001e0 T LUA_ConsoleLib
00289288 00000018 t lib_sfxlen
002892a0 0000001c t lib_skincolorslen
002892bc 00000018 t lib_mobjinfolen
002892d4 00000018 t lib_statelen
002892ec 0000001c t lib_spr2namelen
00289308 00000018 t lib_sprnamelen
00289320 00000014 t lib_luabankslen
00289334 00000014 t framepivot_num
00289348 00000014 t pivotlist_num
0028935c 000001e8 t A_Lua
00289544 00000074 t lib_getSfxInfo
002895b8 00000078 t lib_getSkinColor
00289630 00000070 t lib_getMobjInfo
002896a0 0000006c t lib_getState
0028970c 000001c4 t lib_setSfxInfo
002898d0 00000354 t PopPivotSubTable
00289c24 000001d4 t PopPivotTable
00289df8 000000c0 t lib_getSpriteInfo
00289eb8 00000a90 t lib_setMobjInfo
0028a948 0000018c t framepivot_set
0028aad4 0000011c t framepivot_get
0028abf0 0000004c t spriteinfo_num
0028ac3c 0000005c t sfxinfo_num
0028ac98 00000174 t sfxinfo_set
0028ae0c 00000124 t colorramp_set
0028af30 00000068 t colorramp_get
0028af98 00000050 t skincolor_num
0028afe8 00000054 t mobjinfo_num
0028b03c 00000058 t state_num
0028b094 000000d8 t setRamp
0028b16c 00000530 t lib_setSkinColor
0028b69c 000004f8 t lib_setState
0028bb94 00000400 t state_set
0028bf94 000001c8 t lib_getSpr2default
0028c15c 00000180 t lib_getSpr2name
0028c2dc 00000194 t pivotlist_set
0028c470 000001c0 t spriteinfo_set
0028c630 000000f8 t pivotlist_get
0028c728 000000c8 t spriteinfo_get
0028c7f0 000000f0 t sfxinfo_get
0028c8e0 00000428 t skincolor_set
0028cd08 0000022c t skincolor_get
0028cf34 00000390 t mobjinfo_set
0028d2c4 000002b8 t mobjinfo_get
0028d57c 000002b4 t state_get
0028d830 0000010c t lib_setluabanks
0028d93c 000000a0 t lib_getluabanks
0028d9dc 000001f0 t lib_setSpriteInfo
0028dbcc 00000364 t lib_setSpr2default
0028df30 000000b8 t lib_getSprname
0028dfe8 00000018 t lib_spriteinfolen
0028e000 00000014 t colorramp_len
0028e014 000000e8 T LUA_SetLuaAction
0028e0fc 0000027c T LUA_CallAction
0028e378 00000374 T LUA_InfoLib
0028e6ec 0000001c t lib_nummapthings
0028e708 00000014 t thingstringargs_len
0028e71c 00000014 t thingargs_len
0028e730 00000060 t thingargs_get
0028e790 0000029c t mapthing_set
0028ea2c 00000258 t mapthing_get
0028ec84 00000060 t thingstringargs_get
0028ece4 00000c5c t mobj_set
0028f940 00000820 t mobj_get
00290160 000000ac t lib_getMapthing
0029020c 00000124 t lib_iterateMapthings
00290330 00000068 t mapthing_num
00290398 0000014c T LUA_MobjLib
002904e4 00000014 t lib_lenPlayer
002904f8 00000014 t power_len
0029050c 00000100 t lib_getPlayer
0029060c 00000114 t lib_iteratePlayers
00290720 000000c0 t power_set
002907e0 00000068 t power_get
00290848 000001bc t ticcmd_set
00290a04 00000160 t ticcmd_get
00290b64 00000fec t player_set
00291b50 00000b50 t player_get
002926a0 00000064 t player_num
00292704 000000f0 T LUA_PlayerLib
002927f4 0000001c t lib_numSkins
00292810 00000018 t lib_numSkinsSpritesCompat
00292828 00000018 t lib_numSkinsSprites
00292840 00000014 t soundsid_num
00292854 0000000c t skin_set
00292860 00000178 t lib_getSkin
002929d8 000000cc t lib_iterateSkins
00292aa4 00000064 t lib_getSkinSpriteCompat
00292b08 00000078 t lib_getSkinSprite
00292b80 00000068 t soundsid_get
00292be8 00000034 t skin_num
00292c1c 00000060 t sprite_get
00292c7c 00000320 t skin_get
00292f9c 00000124 T LUA_SkinLib
002930c0 000000ac t lib_startIterate
0029316c 00000054 t iterationState_gc
002931c0 00000294 t lib_iterateThinkers
00293454 000000a4 T LUA_ThinkerLib
002934f8 0000001c t lib_numlines
00293514 0000001c t lib_numsectors
00293530 00000018 t lib_nummapheaders
00293548 0000001c t lib_numvertexes
00293564 0000001c t lib_numsides
00293580 0000001c t lib_numsubsectors
0029359c 00000014 t linestringargs_len
002935b0 00000014 t lineargs_len
002935c4 00000058 t vertex_num
0029361c 00000058 t side_num
00293674 00000058 t line_num
002936cc 00000058 t subsector_num
00293724 00000058 t sector_num
0029377c 000000c8 t vector3_get
00293844 000000ac t vector2_get
002938f0 00000114 t lib_getVertex
00293a04 00000118 t lib_getSide
00293b1c 00000114 t lib_getSubsector
00293c30 00000428 t mapheaderinfo_get
00294058 00000060 t linestringargs_get
002940b8 00000060 t lineargs_get
00294118 00000424 t slope_set
0029453c 0000013c t slope_get
00294678 000000e4 t bbox_get
0029475c 00000118 t vertex_get
00294874 000000d4 t sidenum_get
00294948 00000138 t subsector_get
00294a80 00000120 t sectorlines_get
00294ba0 00000584 t ffloor_set
00295124 000002e0 t side_set
00295404 00000340 t side_get
00295744 00000370 t line_get
00295ab4 00000410 t sector_get
00295ec4 00000034 t sector_iterate
00295ef8 00000458 t sector_set
00296350 000000ac t lib_getLine
002963fc 000000a8 t lib_getSector
002964a4 0000007c t lib_getMapheaderinfo
00296520 0000012c t lib_iterateLines
0029664c 00000128 t lib_iterateSectors
00296774 00000128 t lib_iterateVertexes
0029689c 00000128 t lib_iterateSides
002969c4 00000128 t lib_iterateSubsectors
00296aec 00000114 t lib_iterateSubSectorPolylist
00296c00 00000114 t lib_iterateSectorFFloors
00296d14 00000138 t lib_iterateSectorThinglist
00296e4c 00000054 t sectorlines_num
00296ea0 00000498 t ffloor_get
00297338 00000438 T LUA_MapLib
00297770 0000001c t lib_numTags
0029778c 0000007c t tag_iterator
00297808 00000058 t element_iterator
00297860 000000f8 t lib_getTaggroupElement
00297958 00000140 t taglist_remove
00297a98 000000a4 t taglist_add
00297b3c 000000b4 t set_taglist_metatable
00297bf0 0000003c t lib_iterateTags
00297c2c 000000b4 t lib_getTaggroup
00297ce0 00000084 t lib_numTaggroupElements
00297d64 00000054 t taglist_len
00297db8 0000009c t taglist_iterator
00297e54 00000158 t taglist_get
00297fac 000000e4 t check_taglist
00298090 00000040 t taglist_shares
002980d0 00000040 t taglist_find
00298110 00000044 t taglist_iterate
00298154 00000040 t taglist_equal
00298194 00000120 T LUA_InsertTaggroupIterator
002982b4 00000104 T LUA_TagLib
002983b8 0000001c t lib_numPolyObjects
002983d4 00000140 t lib_getPolyObject
00298514 00000048 t lib_PolyObject_getfornum
0029855c 000000f0 t lib_iteratePolyObjects
0029864c 0000011c t polyobj_set
00298768 000001f4 t polyobj_get
0029895c 00000174 t lib_polyobj_rotate
00298ad0 00000110 t lib_polyobj_moveXY
00298be0 000000c8 t lib_polyobj_MobjInside
00298ca8 000000c8 t lib_polyobj_MobjTouching
00298d70 000000b8 t lib_polyobj_PointInside
00298e28 00000120 t polyobjlines_get
00298f48 00000120 t polyobjvertices_get
00299068 0000006c t polyobj_num
002990d4 00000054 t polyobjlines_num
00299128 00000054 t polyobjvertices_num
0029917c 000000b8 T LUA_PolyObjLib
00299234 000001c0 t lib_searchBlockmap_PolyObjs
002993f4 00000370 t lib_searchBlockmap_Lines
00299764 000003fc t lib_searchBlockmap
00299b60 00000040 T LUA_BlockmapLib
00299ba0 00000040 t lib_huddisable
00299be0 00000040 t lib_hudenable
00299c20 0000004c t lib_hudenabled
00299c6c 00000014 t lib_hudinfolen
00299c80 0000000c t patch_set
00299c8c 00000068 t lib_getHudInfo
00299cf4 00000068 t colormap_get
00299d5c 00000058 t hudinfo_num
00299db4 0000009c t hudinfo_set
00299e50 00000090 t hudinfo_get
00299ee0 00000154 t camera_get
0029a034 000000f8 t patch_get
0029a12c 00000218 t camera_set
0029a344 00000088 t libd_renderer
0029a3cc 00000140 t libd_stringWidth
0029a50c 00000128 t libd_drawFill
0029a634 000001c0 t libd_fadeScreen
0029a7f4 000003ac t libd_drawString
0029aba0 0000017c t libd_getSectorColormap
0029ad1c 00000174 t libd_getColormap
0029ae90 00000080 t libd_nameTagWidth
0029af10 00000110 t libd_drawLevelTitle
0029b020 000001fc t libd_drawScaledNameTag
0029b21c 000001a0 t libd_drawNameTag
0029b3bc 00000114 t libd_drawPaddedNum
0029b4d0 000000f0 t libd_drawNum
0029b5c0 00000280 t libd_drawCropped
0029b840 000001b8 t libd_drawStretched
0029b9f8 00000190 t libd_drawScaled
0029bb88 00000168 t libd_draw
0029bcf0 0000045c t libd_getSprite2Patch
0029c14c 00000210 t libd_getSpritePatch
0029c35c 00000050 t libd_dup
0029c3ac 0000003c t libd_height
0029c3e8 0000003c t libd_width
0029c424 00000040 t libd_RandomFixed
0029c464 00000040 t libd_RandomByte
0029c4a4 00000044 t libd_getusertransflag
0029c4e8 00000044 t libd_getlocaltransflag
0029c52c 00000040 t libd_SignedRandom
0029c56c 00000070 t libd_RandomChance
0029c5dc 00000050 t libd_RandomKey
0029c62c 0000004c t libd_patchExists
0029c678 00000058 t libd_cachePatch
0029c6d0 00000064 t libd_getStringColormap
0029c734 00000068 t libd_RandomRange
0029c79c 00000080 t libd_levelTitleHeight
0029c81c 00000080 t libd_levelTitleWidth
0029c89c 0000015c T LUA_HudLib
0029c9f8 00000030 T LUA_HudEnabled
0029ca28 0000014c T LUA_SetHudHook
0029cb74 00000084 t AllocateDrawItem
0029cbf8 000000fc t CopyString
0029ccf4 00000038 T LUA_HUD_CreateDrawList
0029cd2c 0000005c T LUA_HUD_ClearDrawList
0029cd88 00000040 T LUA_HUD_DestroyDrawList
0029cdc8 0000000c T LUA_HUD_IsDrawListValid
0029cdd4 000000b4 T LUA_HUD_AddDraw
0029ce88 000000bc T LUA_HUD_AddDrawScaled
0029cf44 000000c4 T LUA_HUD_AddDrawStretched
0029d008 000000e4 T LUA_HUD_AddDrawCropped
0029d0ec 000000ac T LUA_HUD_AddDrawNum
0029d198 000000b4 T LUA_HUD_AddDrawPaddedNum
0029d24c 000000b0 T LUA_HUD_AddDrawFill
0029d2fc 0000006c T LUA_HUD_AddDrawString
0029d368 00000084 T LUA_HUD_AddDrawNameTag
0029d3ec 0000008c T LUA_HUD_AddDrawScaledNameTag
0029d478 00000064 T LUA_HUD_AddDrawLevelTitle
0029d4dc 000000a0 T LUA_HUD_AddFadeScreen
0029d57c 000004fc T LUA_HUD_DrawList
0029da78 00000014 t lib_lenGameKeyDown
0029da8c 00000048 t lib_shiftKeyNum
0029dad4 00000060 t lib_setGameKeyDown
0029db34 00000078 t lib_gameControl2ToKeyNum
0029dbac 00000078 t lib_gameControlToKeyNum
0029dc24 00000080 t lib_gameControl2Down
0029dca4 00000080 t lib_gameControlDown
0029dd24 00000054 t lib_getGameKeyDown
0029dd78 0000001c t lib_getMouseGrab
0029dd94 00000030 t lib_keyNumPrintable
0029ddc4 00000120 t lib_get
0029dee4 0000003c t lib_getCursorPosition
0029df20 00000024 t lib_setMouseGrab
0029df44 0000002c t lib_keyNameToNum
0029df70 00000028 t lib_keyNumToName
0029df98 0000002c t lib_joy2Axis
0029dfc4 0000002c t lib_joyAxis
0029dff0 00000044 t mouse_num
0029e034 00000218 t mouse_get
0029e24c 00000140 t keyevent_get
0029e38c 00000084 t lib_set
0029e410 000000f0 T LUA_InputLib
0029e500 0000009c t hue2rgb
0029e59c 00000084 t lib_colorUnpackRgb
0029e620 00000058 t lib_colorPaletteToRgb
0029e678 000004cc t lib_colorHslToRgb
0029eb44 000001a0 t extracolormap_get
0029ece4 000001b8 t ParseHTMLColor
0029ee9c 000000dc t lib_colorHexToRgb
0029ef78 000000bc t GetExtraColormapRGBA.constprop.0
0029f034 000002fc t extracolormap_set
0029f330 00000294 t GetArgsRGBA.constprop.0
0029f5c4 0000006c t lib_colorRgbToPalette
0029f630 0000009c t lib_colorRgbToHex
0029f6cc 0000051c t lib_colorRgbToHsl
0029fbe8 0000005c t lib_colorPackRgb
0029fc44 00000064 t lib_colorPackRgba
0029fca8 00000054 T LUA_ColorLib
0029fcfc 00000008 t f_call
0029fd04 000000d8 t index2adr
0029fddc 00000098 T lua_checkstack
0029fe74 0000007c T lua_xmove
0029fef0 0000000c T lua_setlevel
0029fefc 00000010 T lua_atpanic
0029ff0c 00000048 T lua_newthread
0029ff54 00000014 T lua_gettop
0029ff68 00000058 T lua_settop
0029ffc0 00000054 T lua_remove
002a0014 0000003c T lua_insert
002a0050 000001d0 T lua_replace
002a0220 0000010c T lua_pushvalue
002a032c 000000ec T lua_type
002a0418 0000001c T lua_typename
002a0434 00000114 T lua_iscfunction
002a0548 00000128 T lua_isnumber
002a0670 000000fc T lua_isstring
002a076c 00000154 T lua_isuserdata
002a08c0 000001b8 T lua_rawequal
002a0a78 000001b8 T lua_lessthan
002a0c30 0000012c T lua_tonumber
002a0d5c 0000012c T lua_toboolean
002a0e88 000000ec T lua_tolstring
002a0f74 00000160 T lua_objlen
002a10d4 00000118 T lua_tocfunction
002a11ec 00000118 T lua_touserdata
002a1304 00000108 T lua_tothread
002a140c 00000158 T lua_topointer
002a1564 00000018 T lua_pushnil
002a157c 00000018 T lua_pushnumber
002a1594 0000005c T lua_pushlstring
002a15f0 00000094 T lua_pushstring
002a1684 0000005c T lua_pushvfstring
002a16e0 00000058 T lua_pushfstring
002a1738 000000b0 T lua_pushcclosure
002a17e8 00000020 T lua_pushboolean
002a1808 00000018 T lua_pushlightuserdata
002a1820 00000030 T lua_pushthread
002a1850 000000ec T lua_gettable
002a193c 00000060 T lua_getfield
002a199c 000000f8 T lua_rawget
002a1a94 00000110 T lua_rawgeti
002a1ba4 0000005c T lua_createtable
002a1c00 00000154 T lua_getmetatable
002a1d54 000001ac T lua_getfenv
002a1f00 000000fc T lua_settable
002a1ffc 00000064 T lua_setfield
002a2060 00000080 T lua_rawset
002a20e0 00000084 T lua_rawseti
002a2164 00000208 T lua_setmetatable
002a236c 0000018c T lua_setfenv
002a24f8 0000004c T lua_call
002a2544 00000084 T lua_pcall
002a25c8 00000048 T lua_load
002a2610 00000008 T lua_status
002a2618 000000ec T lua_gc
002a2704 00000010 T lua_error
002a2714 00000104 T lua_next
002a2818 000000cc T lua_concat
002a28e4 00000078 T lua_newuserdata
002a295c 0000001c t luaB_yield
002a2978 0000002c t luaB_corunning
002a29a4 00000074 t luaB_cocreate
002a2a18 00000028 t luaB_cowrap
002a2a40 00000040 t luaB_pairs
002a2a80 0000004c t luaB_next
002a2acc 00000044 t luaB_ipairs
002a2b10 0000006c t ipairsaux
002a2b7c 0000004c t luaB_rawset
002a2bc8 00000040 t luaB_rawget
002a2c08 00000054 t luaB_pcall
002a2c5c 00000064 t luaB_xpcall
002a2cc0 00000078 t luaB_error
002a2d38 000000f4 t luaB_unpack
002a2e2c 0000003c t luaB_type
002a2e68 000000b0 t luaB_select
002a2f18 00000118 t luaB_tonumber
002a3030 00000098 t luaB_setmetatable
002a30c8 00000104 t getfunc
002a31cc 000000d8 t luaB_setfenv
002a32a4 00000040 t luaB_rawequal
002a32e4 000000f0 t luaB_print
002a33d4 00000050 t luaB_getfenv
002a3424 00000028 t luaB_gcinfo
002a344c 000000e4 t luaB_loadfile
002a3530 000000f8 t luaB_dofile
002a3628 000000dc t luaB_collectgarbage
002a3704 00000070 t costatus
002a3774 00000100 t auxresume
002a3874 00000090 t luaB_coresume
002a3904 0000006c t luaB_costatus
002a3970 000000ac t luaB_auxwrap
002a3a1c 00000118 t luaB_newproxy
002a3b34 00000124 t luaB_tostring
002a3c58 00000050 t luaB_getmetatable
002a3ca8 0000005c t luaB_assert
002a3d04 00000174 T luaopen_base
002a3e78 000000ac T luaD_seterrorobj
002a3f24 0000012c T luaD_throw
002a4050 00000064 T luaD_rawrunprotected
002a40b4 000000ec T luaD_reallocstack
002a41a0 0000008c t resume_error.isra.0
002a422c 00000104 t f_parser
002a4330 00000088 T luaD_reallocCI
002a43b8 0000001c T luaD_growstack
002a43d4 000000ec T luaD_callhook
002a44c0 00000130 T luaD_poscall
002a45f0 0000044c T luaD_precall
002a4a3c 0000009c t resume
002a4ad8 000000b4 T luaD_call
002a4b8c 000000f4 T lua_resume
002a4c80 00000058 T lua_yield
002a4cd8 0000013c T luaD_pcall
002a4e14 0000006c T luaD_protectedparser
002a4e80 0000005c T luaF_newCclosure
002a4edc 00000064 T luaF_newLclosure
002a4f40 00000050 T luaF_newupval
002a4f90 000000ac T luaF_findupval
002a503c 00000028 T luaF_freeupval
002a5064 000000b4 T luaF_close
002a5118 00000084 T luaF_newproto
002a519c 000000b4 T luaF_freeproto
002a5250 00000028 T luaF_freeclosure
002a5278 00000060 T luaF_getlocalname
002a52d8 00000054 T luaL_openlibs
002a532c 00000030 t io_noclose
002a535c 000000b0 t io_type
002a540c 00000098 t pushresult
002a54a4 00000114 t CheckFileName
002a55b8 000000b4 t io_open
002a566c 00000040 t io_fclose
002a56ac 000000ac t read_line
002a5758 000000b0 t read_chars
002a5808 00000104 t io_readline
002a590c 00000058 t io_tostring
002a5964 000001d8 t f_write
002a5b3c 000000a4 t createstdfile
002a5be0 00000064 t io_gc
002a5c44 0000006c t f_flush
002a5cb0 0000006c t f_lines
002a5d1c 000000a0 t f_setvbuf
002a5dbc 00000264 t io_openlocal
002a6020 000000a0 t io_close
002a60c0 000000f0 t f_seek
002a61b0 0000009c t io_tmpfile
002a624c 00000294 t f_read
002a64e0 00000054 T MakePathDirs
002a6534 00000284 T Got_LuaFile
002a67b8 00000040 T StoreLuaFileCallback
002a67f8 0000003c T RemoveLuaFileCallback
002a6834 0000019c T luaopen_io
002a69d0 000000e0 t save
002a6ab0 000000c0 t skip_sep
002a6b70 0000006c t check_next
002a6bdc 00000050 T luaX_init
002a6c2c 00000054 T luaX_token2str
002a6c80 000000c0 T luaX_lexerror
002a6d40 00000200 t read_numeral
002a6f40 000000e8 t inclinenumber
002a7028 00000314 t read_long_string
002a733c 00000fcc t llex
002a8308 00000008 T luaX_syntaxerror
002a8310 00000054 T luaX_newstring
002a8364 000000a0 T luaX_setinput
002a8404 00000050 T luaX_next
002a8454 00000018 T luaX_lookahead
002a846c 00000018 T luaM_toobig
002a8484 00000074 T luaM_realloc_
002a84f8 000000a0 T luaM_growaux_
002a8598 00000078 t pushstr
002a8610 00000038 T luaO_int2fb
002a8648 0000001c T luaO_fb2int
002a8664 00000030 T luaO_log2
002a8694 00000054 T luaO_rawequalObj
002a86e8 000000a8 T luaO_str2d
002a8790 000001e4 T luaO_pushvfstring
002a8974 0000002c T luaO_pushfstring
002a89a0 00000144 T luaO_chunkid
002a8ae4 00000090 t stack_init
002a8b74 00000098 t f_luaopen
002a8c0c 000000ac t close_state
002a8cb8 000000b4 T luaE_newthread
002a8d6c 00000064 T luaE_freethread
002a8dd0 00000148 T lua_newstate
002a8f18 000000ec t match_class
002a9004 000000b8 t matchbracketclass
002a90bc 000000b4 t str_upper
002a9170 00000090 t str_reverse
002a9200 000000b4 t str_lower
002a92b4 000000a8 t str_sub
002a935c 00000070 t str_rep
002a93cc 00000030 t str_len
002a93fc 000000dc t classend
002a94d8 0000000c t gfind_nodef
002a94e4 000000f0 t str_byte
002a95d4 00000058 t gmatch
002a962c 000000c0 t str_char
002a96ec 000000a4 t push_onecapture
002a9790 00000530 t match
002a9cc0 00000124 t max_expand
002a9de4 0000016c t gmatch_aux
002a9f50 0000040c t str_gsub
002aa360 00000508 t str_format
002aa868 000002d0 t str_find_aux
002aab38 00000008 t str_match
002aab40 00000008 t str_find
002aab48 00000098 T luaopen_string
002aabe0 00000038 t setn
002aac18 000000b4 t tremove
002aaccc 000000b4 t tinsert
002aad80 000000a0 t foreach
002aae20 00000084 t maxn
002aaea4 00000034 t getn
002aaed8 000000bc t foreachi
002aaf94 00000074 t addfield
002ab008 000000f4 t tconcat
002ab0fc 00000090 t sort_comp
002ab18c 00000338 t auxsort
002ab4c4 00000080 t sort
002ab544 00000020 T luaopen_table
002ab564 00000058 T luaZ_fill
002ab5bc 00000050 T luaZ_lookahead
002ab60c 00000018 T luaZ_init
002ab624 00000084 T luaZ_openspace
002ab6a8 0000001c t getS
002ab6c4 00000084 t adjuststack.part.0
002ab748 00000074 T luaL_where
002ab7bc 00000054 T luaL_error
002ab810 000000d0 T luaL_argerror
002ab8e0 00000054 T luaL_typerror
002ab934 000000d0 T luaL_checkoption
002aba04 00000080 T luaL_newmetatable
002aba84 0000008c T luaL_checkudata
002abb10 00000030 T luaL_checkstack
002abb40 00000050 T luaL_checktype
002abb90 00000030 T luaL_checkany
002abbc0 00000058 T luaL_checklstring
002abc18 00000078 T luaL_optlstring
002abc90 00000070 T luaL_checknumber
002abd00 00000034 T luaL_optnumber
002abd34 00000090 T luaL_getmetafield
002abdc4 00000084 T luaL_callmeta
002abe48 00000108 T luaL_findtable
002abf50 00000168 T luaI_openlib
002ac0b8 00000008 T luaL_register
002ac0c0 0000007c T luaL_prepbuffer
002ac13c 0000008c T luaL_addlstring
002ac1c8 0000005c T luaL_pushresult
002ac224 000000d0 T luaL_addvalue
002ac2f4 00000014 T luaL_buffinit
002ac308 000000dc T luaL_ref
002ac3e4 0000007c T luaL_unref
002ac460 0000002c T luaL_loadbuffer
002ac48c 00000044 T luaL_loadstring
002ac4d0 00000118 t addk
002ac5e8 0000009c t need_value
002ac684 0000009c t removevalues
002ac720 00000148 t patchlistaux
002ac868 000000e4 t luaK_code
002ac94c 000000ac T luaK_nil
002ac9f8 0000001c T luaK_ret
002aca14 00000010 T luaK_getlabel
002aca24 000000bc T luaK_concat
002acae0 00000014 T luaK_patchtohere
002acaf4 00000040 T luaK_patchlist
002acb34 0000004c T luaK_jump
002acb80 00000064 T luaK_checkstack
002acbe4 00000070 T luaK_reserveregs
002acc54 00000028 T luaK_stringK
002acc7c 00000028 T luaK_numberK
002acca4 000000f8 T luaK_setreturns
002acd9c 00000068 T luaK_setoneret
002ace04 00000104 T luaK_dischargevars
002acf08 00000140 t discharge2reg
002ad048 00000190 t exp2reg
002ad1d8 00000164 t jumponcond
002ad33c 000000b0 T luaK_exp2nextreg
002ad3ec 0000006c T luaK_exp2anyreg
002ad458 00000014 T luaK_exp2val
002ad470 00000128 T luaK_exp2RK
002ad598 0000025c t codearith
002ad7f4 00000088 t codeunaryarith
002ad87c 00000138 t codecomp
002ad9b4 00000130 T luaK_storevar
002adae4 000000f8 T luaK_self
002adbdc 00000120 T luaK_goiftrue
002adcfc 00000020 T luaK_indexed
002add1c 00000240 T luaK_prefix
002adf5c 0000015c T luaK_infix
002ae0b8 0000025c T luaK_posfix
002ae314 00000018 T luaK_fixline
002ae32c 00000024 T luaK_codeABC
002ae350 00000014 T luaK_codeABx
002ae364 0000009c T luaK_setlist
002ae400 0000007c t checkArgMode
002ae47c 00000588 t symbexec
002aea04 000001b4 t getobjname
002aebb8 0000009c T lua_getstack
002aec54 00000444 T lua_getinfo
002af098 000000cc T luaG_errormsg
002af164 000000d0 T luaG_runerror
002af234 000000b8 T luaG_typeerror
002af2ec 0000001c T luaG_concaterror
002af308 00000048 T luaG_aritherror
002af350 00000054 T luaG_ordererror
002af3a4 00000124 t reallymarkobject
002af4c8 000000f0 t GCTM
002af5b8 0000017c t sweeplist
002af734 00000720 t propagatemark
002afe54 000000d8 t markroot
002aff2c 00000100 T luaC_separateudata
002b002c 00000528 t singlestep
002b0554 00000058 T luaC_freeall
002b05ac 0000009c T luaC_step
002b0648 000000a8 T luaC_fullgc
002b06f0 00000034 T luaC_barrierf
002b0724 00000020 T luaC_barrierback
002b0744 00000024 T luaC_link
002b0768 00000098 T luaC_linkupval
002b0800 00000100 t open_func
002b0900 000000bc t breakstat
002b09bc 0000006c t errorlimit
002b0a28 0000012c t new_localvar
002b0b54 00000158 t pushclosure
002b0cac 000000b8 t adjust_assign.isra.0
002b0d64 00000274 t singlevaraux
002b0fd8 00000218 t close_func
002b11f0 000000ac t leaveblock
002b129c 0000005c t str_checkname
002b12f8 000000b8 t field
002b13b0 00000098 t check_match
002b1448 00001154 t chunk
002b259c 0000008c t body_noparms
002b2628 0000029c t body
002b28c4 00000424 t subexpr
002b2ce8 00000198 t recfield
002b2e80 000002d8 t constructor
002b3158 000001a0 t funcargs
002b32f8 00000328 t primaryexp
002b3620 000002ac t assignment
002b38cc 0000025c t forbody
002b3b28 000000bc T luaY_parser
002b3be4 000000e0 T luaS_resize
002b3cc4 000001bc T luaS_newlstr
002b3e80 00000070 T luaS_newudata
002b3ef0 00000068 t setarrayvector
002b3f58 000000f4 t setnodevector
002b404c 000000b0 t mainposition.isra.0
002b40fc 000001a4 T luaH_next
002b42a0 00000080 T luaH_new
002b4320 00000064 T luaH_free
002b4384 000000e0 T luaH_getnum
002b4464 0000005c T luaH_getstr
002b44c0 000000c4 T luaH_get
002b4584 00000390 t newkey
002b4914 00000200 t resize
002b4b14 00000024 T luaH_resizearray
002b4b38 0000007c T luaH_set
002b4bb4 0000005c T luaH_setnum
002b4c10 0000008c T luaH_setstr
002b4c9c 00000108 T luaH_getn
002b4da4 00000060 T luaT_init
002b4e04 00000034 T luaT_gettm
002b4e38 00000058 T luaT_gettmbyobj
002b4e90 0000006c t l_strcmp
002b4efc 000000b0 t get_compTM.constprop.0
002b4fac 000000a4 t callTMres.isra.0
002b5050 000000ac t call_orderTM
002b50fc 00000084 t call_binTM
002b5180 0000024c t Arith
002b53cc 0000005c T luaV_tonumber
002b5428 0000006c T luaV_tostring
002b5494 0000011c T luaV_gettable
002b55b0 000001dc T luaV_settable
002b578c 00000084 T luaV_lessthan
002b5810 000000c8 T luaV_equalval
002b58d8 00000288 T luaV_concat
002b5b60 00001544 T luaV_execute
002b70a4 00000050 t os_difftime
002b70f4 00000030 t os_clock
002b7124 00000078 t getfield
002b719c 00000300 t os_date
002b749c 00000228 t os_time
002b76c4 00000020 T luaopen_os
002b76e4 00000038 t Command_list_http_logins
002b771c 000000e0 t Command_set_http_login
002b77fc 00000090 t HandleNodeTimeouts.part.0
002b788c 00000158 t D_QuitNetGame.part.0
002b79e4 000003b0 t UpdatePingTable.part.0
002b7d94 00000088 t UnlinkPlayerFromNode
002b7e1c 00000348 t CL_RemovePlayer.part.0
002b8164 000002ac t IdleUpdate.part.0
002b8410 00000678 t Got_AddPlayer
002b8a88 00000034 T ResetNode
002b8abc 0000005c T CL_ClearPlayer
002b8b18 00000018 T CL_RemovePlayer
002b8b30 00000048 T D_QuitNetGame
002b8b78 00000018 T CL_AddSplitscreenPlayer
002b8b90 00000028 T CL_RemoveSplitscreenPlayer
002b8bb8 0000020c T SV_ResetServer
002b8dc4 00000100 T SV_SpawnServer
002b8ec4 000000c4 T SV_StopServer
002b8f88 0000015c T CL_Reset
002b90e4 00000070 T CL_HandleTimeout
002b9154 000000a8 t PT_ServerShutdown
002b91fc 00000390 t HandlePacketFromPlayer
002b958c 0000023c t HandlePacketFromAwayNode
002b97c8 00000720 t Got_KickCmd
002b9ee8 00000050 T SV_StartSinglePlayerServer
002b9f38 00000044 T GetPackets
002b9f7c 00000140 T NetKeepAlive
002ba0bc 0000049c T NetUpdate
002ba558 000001f4 T D_ClientServerInit
002ba74c 000000bc T nametonum
002ba808 00000048 T Playing
002ba850 00000028 T D_NumPlayers
002ba878 00000034 T D_NumNodes
002ba8ac 00000040 T D_NumBots
002ba8ec 000000f8 T Consistancy
002ba9e4 000003a0 T TryRunTics
002bad84 00000018 T D_MD5PasswordPass
002bad9c 000000c4 t FindRejoinerNum
002bae60 000006d8 T PT_ClientJoin
002bb538 00000004 T PT_AskInfoViaMS
002bb53c 00000084 T PT_TellFilesNeeded
002bb5c0 000005f0 T PT_AskInfo
002bbbb0 000000c8 t GetPrintableFileSize
002bbc78 00000164 t HandleHTTPDownloadFail
002bbddc 0000009c t DrawConnectionStatusBox
002bbe78 000001a0 t DrawFileProgress.constprop.0
002bc018 00000154 t BeginDownload
002bc16c 000000c0 t M_ConfirmConnect
002bc22c 00000148 T CL_SendJoin
002bc374 0000011c T CL_UpdateServerList
002bc490 00001438 T CL_ConnectToServer
002bd8c8 00000190 T PT_ServerInfo
002bda58 000000c4 T PT_MoreFilesNeeded
002bdb1c 0000011c T PT_ServerRefuse
002bdc38 000001f8 T PT_ServerCFG
002bde30 00000048 T ExpandTics
002bde78 00000084 T D_Clearticcmd
002bdefc 00000060 T D_ResetTiccmds
002bdf5c 00000464 T PT_ClientCmd
002be3c0 00000224 T PT_ServerTics
002be5e4 000001b4 T CL_SendClientCmd
002be798 00000470 T SV_SendTics
002bec08 0000009c T Local_Maketic
002beca4 00000190 T SV_Maketic
002bee34 00000010 T RegisterNetXCmd
002bee44 000000a8 T SendNetXCmd
002beeec 00000074 T SendNetXCmd2
002bef60 00000018 T GetFreeXCmdSize
002bef78 0000008c T D_FreeTextcmd
002bf004 00000074 T D_GetExistingTextcmd
002bf078 000000ec T D_GetTextcmd
002bf164 00000210 T ExtraDataTicker
002bf374 00000064 T TotalTextCmdPerTic
002bf3d8 000002c0 T PT_TextCmd
002bf698 000000e4 T SV_WriteNetCommandsForTic
002bf77c 00000084 T CL_CopyNetCommandsFromServerPacket
002bf800 000000c8 T CL_SendNetCommands
002bf8c8 000000c8 T SendKick
002bf990 000000bc T SendKicksForNode
002bfa4c 00000030 T SV_ResendingSavegameToAnyone
002bfa7c 0000013c T SV_SendSaveGame
002bfbb8 00000268 T CL_LoadReceivedSavegame
002bfe20 00000148 T CL_ReloadReceivedSavegame
002bff68 000000ac T Command_ResendGamestate
002c0014 00000080 T PT_CanReceiveGamestate
002c0094 00000038 T PT_ReceivedGamestate
002c00cc 000000d0 T PT_WillResendGamestate
002c019c 00000058 t Ban_Clear
002c01f4 00000058 T Ban_Add
002c024c 00000130 T Ban_Load_File
002c037c 0000013c T D_SaveBan
002c04b8 00000114 T Command_ShowBan
002c05cc 00000024 T Command_ClearBans
002c05f0 000001e4 T Command_Ban
002c07d4 00000140 T Command_BanIP
002c0914 00000008 T Command_ReloadBan
002c091c 000001c0 T Command_Kick
002c0adc 00000204 T Command_connect
002c0ce0 00000074 T Command_GetPlayerNum
002c0d54 0000013c T Command_Nodes
002c0e90 0000005c t InitAck
002c0eec 00000020 t Internal_Get
002c0f0c 00000004 t Internal_FreeNodenum
002c0f10 00000010 t pingcellcmp
002c0f20 00000010 t Internal_Send
002c0f30 000000dc t fprintfstringnewline
002c100c 00000390 t DebugPrintpacket
002c139c 0000013c T Net_GetNetStat
002c14d8 00000068 T Net_ConnectionTimeout
002c1540 00000144 T Net_UnAcknowledgePacket
002c1684 00000438 T HSendPacket
002c1abc 00000218 T Net_CloseConnection
002c1cd4 000000b0 t RemoveAck
002c1d84 0000025c T Net_AckTicker
002c1fe0 000006fc T HGetPacket
002c26dc 000000a0 T Net_WaitAllAckReceived
002c277c 0000005c T I_NetSplitAddress
002c27d8 00000084 T I_NetMakeNode
002c285c 00000314 T D_CheckNetGame
002c2b70 00000148 T Command_Ping_f
002c2cb8 000000a4 T D_CloseConnection
002c2d5c 00000088 t Got_WeaponPref
002c2de4 0000001c t NetTimeout_OnChange
002c2e00 0000001c t JoinTimeout_OnChange
002c2e1c 0000001c t AutoBalance_OnChange
002c2e38 00000010 t Command_Changepassword_f
002c2e48 00000054 t Command_Clearscores_f
002c2e9c 00000074 t SetSkinLocal
002c2f10 00000018 t Command_Displayplayer_f
002c2f28 000000e0 t Gravity_OnChange
002c3008 00000128 t TimeLimit_OnChange
002c3130 000000e4 t PointLimit_OnChange
002c3214 00000028 t Got_RandomSeed
002c323c 00000014 t Command_Quit_f
002c3250 00000084 t Command_Version_f
002c32d4 00000144 t Command_Pause
002c3418 000000fc t Command_RunSOC
002c3514 000000f4 t Command_ListWADS_f
002c3608 0000009c t AddedFilesClearList
002c36a4 000001fc t Command_ExitLevel_f
002c38a0 0000018c t Got_MutePlayer
002c3a2c 00000170 t Got_MotD_f
002c3b9c 000000b4 t Command_RemoveAdmin_f
002c3c50 000000d4 t Command_Verify_f
002c3d24 00000158 t MutePlayer
002c3e7c 00000008 t Command_UnmutePlayer_f
002c3e84 00000008 t Command_MutePlayer_f
002c3e8c 00000360 t Command_Teamchange_f
002c41ec 0000052c t Command_ServerTeamChange_f
002c4718 0000085c t Got_Teamchange
002c4f74 000001a0 t Command_MotD_f
002c5114 00000190 t Got_Pause
002c52a4 00000208 t Got_RequestAddfoldercmd
002c54ac 00000260 t Got_RequestAddfilecmd
002c570c 00000004 t Command_StopMovie_f
002c5710 00000004 t Command_StartMovie_f
002c5714 0000002c t Command_ResetCamera_f
002c5740 00000018 t Command_Stopdemo_f
002c5758 00000378 t Command_Teamchange2_f
002c5ad0 000000f4 T Command_ExitGame_f
002c5bc4 00000188 t Got_Addfoldercmd
002c5d4c 000001f0 t Got_Addfilecmd
002c5f3c 00000184 t Got_RunSOCcmd
002c60c0 00000038 t NumLaps_OnChange
002c60f8 0000004c t BaseNumLaps_OnChange
002c6144 000000ac t Command_ShowScores_f
002c61f0 0000004c t Command_Isgamemodified_f
002c623c 00000088 t Command_ShowGametype_f
002c62c4 00000068 T ItemFinder_OnChange
002c632c 000000a8 t Ringslinger_OnChange
002c63d4 00000060 t SoundTest_OnChange
002c6434 000000bc t Hidetime_OnChange
002c64f0 0000013c t CoopStarposts_OnChange
002c662c 000000f0 t CoopLives_OnChange
002c671c 000000fc t ExitMove_OnChange
002c6818 0000002c t DummyConsvar_OnChange
002c6844 0000009c t Command_Suicide
002c68e0 00000084 t Command_Mapmd5_f
002c6964 000000b8 t Command_Showmap_f
002c6a1c 000000bc t Got_Suicide
002c6ad8 00000040 t Command_Playintro_f
002c6b18 00000138 t Command_Timedemo_f
002c6c50 00000174 t Command_Playdemo_f
002c6dc4 000000c4 T Command_Retry_f
002c6e88 000003c0 t TeamScramble_OnChange
002c7248 0000006c t Mute_OnChange
002c72b4 00000160 t Command_Cheats_f
002c7414 000000c8 t Got_Clearscores
002c74dc 000000b0 t Got_ExitLevelcmd
002c7590 00000088 t Command_ShowTime_f
002c7618 00000010 t Command_Clearpassword_f
002c7628 00000010 t Command_Login_f
002c7638 000000c0 t Got_Removal
002c76f8 000000dc t Got_Verification
002c77d4 0000030c t Command_Addfile
002c7ae0 000003a0 t Command_Addfolder
002c7e80 000007d8 T D_RegisterServerCommands
002c8658 00000be4 T D_RegisterClientCommands
002c923c 00000170 T EnsurePlayerNameIsGood
002c93ac 0000038c t Got_NameAndColor
002c9738 00000248 T CleanupPlayerName
002c9980 000002d4 t SendNameAndColor2
002c9c54 00000088 t Name2_OnChange
002c9cdc 0000011c t Color2_OnChange
002c9df8 0000002c t Skin2_OnChange
002c9e24 00000468 t SendNameAndColor
002ca28c 00000190 t Color_OnChange
002ca41c 00000100 t Skin_OnChange
002ca51c 000000c4 t Name_OnChange
002ca5e0 00000178 T CanChangeSkin
002ca758 000000cc t Skin_CanChange
002ca824 000000c0 t Skin2_CanChange
002ca8e4 00000094 T SendWeaponPref
002ca978 00000094 T SendWeaponPref2
002caa0c 000001dc t ForceSkin_OnChange
002cabe8 00000044 T D_SendPlayerConfig
002cac2c 000002c0 T D_MapChange
002caeec 00000674 t Command_Map_f
002cb560 0000007c T D_SetPassword
002cb5dc 00000034 T IsPlayerAdmin
002cb610 00000014 T ClearAdminPlayers
002cb624 00000028 T RemoveAdminPlayer
002cb64c 000003c4 T D_GameTypeChanged
002cba10 000003a4 t Got_Mapcmd
002cbdb4 000000c0 t SV_PrepareSendLuaFileToNextNode
002cbe74 0000007c t SendAckPacket
002cbef0 00000140 t AddFragmentToAckPacket
002cc030 000000dc t SV_EndFileSend
002cc10c 000000b0 t OpenNewFileForDownload
002cc1bc 00000068 T AllocFileNeeded
002cc224 00000020 T FreeFileNeeded
002cc244 00000118 T D_ParseFileneeded
002cc35c 00000078 T CL_PrepareDownloadSaveGame
002cc3d4 000000d4 T CL_CheckDownloadable
002cc4a8 00000048 T CL_AbortDownloadResume
002cc4f0 00000370 T PT_RequestFile
002cc860 000000dc T CL_LoadServerFiles
002cc93c 00000120 T SV_PrepareSendLuaFile
002cca5c 0000001c T SV_HandleLuaFileSent
002cca78 00000070 T RemoveLuaFileTransfer
002ccae8 0000002c T RemoveAllLuaFileTransfers
002ccb14 00000064 T SV_AbortLuaFileTransfer
002ccb78 000000f0 T CL_PrepareDownloadLuaFile
002ccc68 00000150 T AddLuaFileTransfer
002ccdb8 000000e4 T AddRamToSendQueue
002cce9c 0000010c T AddLuaFileToSendQueue
002ccfa8 000004cc T FileSendTicker
002cd474 00000168 T PT_FileAck
002cd5dc 0000004c T PT_FileReceived
002cd628 000000ec T FileReceiveTicker
002cd714 00000020 T SendingFile
002cd734 0000003c T SV_AbortSendFiles
002cd770 00000170 T CloseNetFile
002cd8e0 0000014c T Command_Downloads_f
002cda2c 00000008 T CURLPrepareFile
002cda34 00000004 T CURLAbortFile
002cda38 00000060 T CURLGetLogin
002cda98 0000006c T nameonly
002cdb04 00000210 T PutFileNeeded
002cdd14 0000020c T CL_SendFileRequest
002cdf20 000005f4 T PT_FileFragment
002ce514 0000004c T nameonlylength
002ce560 00000008 T checkfilemd5
002ce568 000000a4 T findfile
002ce60c 000002a8 T CL_CheckFiles
002ce8b4 00000070 T findfolder
002ce924 00000004 t MasterServer_Debug_OnChange
002ce928 00000058 t SOCK_CloseSocket
002ce980 00000044 t SOCK_GetBanMask
002ce9c4 00000030 t SOCK_ClearBans
002ce9f4 000000a8 t getfreenode
002cea9c 00000154 t SOCK_NetMakeNodewPort
002cebf0 00000140 t SOCK_SetBanAddress
002ced30 00000084 t SOCK_AddrToStr.part.0
002cedb4 000002c0 t UDP_Bind
002cf074 000000c8 t SOCK_Ban
002cf13c 00000078 t SOCK_GetBanAddress
002cf1b4 00000350 t SOCK_Send
002cf504 00000090 t SOCK_GetNodeAddress
002cf594 00000114 t SOCK_FreeNodenum
002cf6a8 0000007c T I_ShutdownTcpDriver
002cf724 00000328 t SOCK_OpenSocket
002cfa4c 00000344 t SOCK_Get
002cfd90 000002e8 T I_InitTcpNetwork
002d0078 00000008 T Net_IsNodeIPv6
002d0080 00000004 t Update_parameters
002d0084 0000001c t RoomId_OnChange
002d00a0 00000034 t ServerName_CanChange
002d00d4 00000004 t MasterServer_OnChange
002d00d8 00000058 T AddMServCommands
002d0130 00000008 T I_InitNetwork
002d0138 00000054 t I_ShutdownSystem.part.0
002d018c 0000003c T I_GetFreeMem
002d01c8 00000010 T I_Sleep
002d01d8 0000003c T I_SleepDuration
002d0214 00000004 T I_GetPreciseTime
002d0218 00000010 T I_GetPrecisePrecision
002d0228 00000020 T I_BaseTiccmd
002d0248 00000020 T I_BaseTiccmd2
002d0268 00000030 T I_Quit
002d0298 00000204 T I_GetEvent
002d049c 00000004 T I_OsPolling
002d04a0 00000054 T I_Error
002d04f4 00000004 T I_Tactile
002d04f8 00000004 T I_Tactile2
002d04fc 00000014 T I_InitJoystick
002d0510 00000004 T I_InitJoystick2
002d0514 00000008 T I_NumJoys
002d051c 0000000c T I_GetJoyName
002d0528 0000002c T I_OutputMsg
002d0554 00000004 T I_StartupMouse
002d0558 00000004 T I_StartupMouse2
002d055c 00000004 T I_StartupTimer
002d0560 00000024 T I_AddExitFunc
002d0584 000000d4 T I_StartupSystem
002d0658 00000010 T I_GetDiskFreeSpace
002d0668 00000034 T I_mkdir
002d069c 00000004 T I_UpdateMouseGrab
002d06a0 00000004 T I_GetEnv
002d06a4 00000008 T I_ClipboardCopy
002d06ac 00000008 T I_ClipboardPaste
002d06b4 00000050 T I_GetRandomBytes
002d0704 00000004 T I_RegisterSysCommands
002d0708 0000001c T I_GetCursorPosition
002d0724 0000000c T I_GetSysName
002d0730 00000004 T I_SetTextInputMode
002d0734 00000068 T main
002d079c 0000009c t blit
002d0838 00000044 T I_SetPalette
002d087c 00000008 T VID_NumModes
002d0884 00000008 T VID_GetModeForSize
002d088c 00000004 T VID_PrepareModeList
002d0890 00000074 T VID_SetMode
002d0904 00000040 T I_StartupGraphics
002d0944 0000001c T VID_CheckRenderer
002d0960 0000000c T VID_GetModeName
002d096c 00000008 T I_GetRefreshRate
002d0974 00000004 T I_UpdateNoBlit
002d0978 00000028 T I_FinishUpdate
002d09a0 0000001c T I_UpdateNoVsync
002d09bc 00000008 T I_GetSfx
002d09c4 00000004 T I_FreeSfx
002d09c8 00000004 T I_StartupSound
002d09cc 00000004 T I_ShutdownSound
002d09d0 00000004 T I_UpdateSound
002d09d4 00000008 T I_StartSound
002d09dc 00000004 T I_StopSound
002d09e0 00000008 T I_SoundIsPlaying
002d09e8 00000004 T I_UpdateSoundParams
002d09ec 00000004 T I_SetSfxVolume
002d09f0 00000004 T I_InitMusic
002d09f4 00000004 T I_ShutdownMusic
002d09f8 00000008 T I_SongType
002d0a00 00000008 T I_SongPlaying
002d0a08 00000008 T I_SongPaused
002d0a10 00000008 T I_SetSongSpeed
002d0a18 00000008 T I_GetSongLength
002d0a20 00000008 T I_SetSongLoopPoint
002d0a28 00000008 T I_GetSongLoopPoint
002d0a30 00000008 T I_SetSongPosition
002d0a38 00000008 T I_GetSongPosition
002d0a40 00000008 T I_LoadSong
002d0a48 00000004 T I_UnloadSong
002d0a4c 00000008 T I_PlaySong
002d0a54 00000004 T I_StopSong
002d0a58 00000004 T I_PauseSong
002d0a5c 00000004 T I_ResumeSong
002d0a60 00000004 T I_SetMusicVolume
002d0a64 00000008 T I_SetSongTrack
002d0a6c 00000004 T I_SetInternalMusicVolume
002d0a70 00000004 T I_StopFadingSong
002d0a74 00000008 T I_FadeSongFromVolume
002d0a7c 00000008 T I_FadeSong
002d0a84 00000008 T I_FadeInPlaySong
002d0a8c 00000040 t png_fp_sub
002d0acc 00000074 T png_zalloc
002d0b40 00000004 T png_zfree
002d0b48 000001b4 t png_build_16bit_table
002d0cfc 000004d0 t png_free_data.part.0
002d11d0 000000b0 t png_muldiv.part.0
002d1280 00000070 t png_gamma_8bit_correct.part.0
002d12f0 0000008c t png_build_8bit_table
002d1380 00000068 t png_gamma_16bit_correct.part.0
002d13e8 000001a4 t png_icc_profile_error.isra.0
002d158c 0000004c T png_sig_cmp
002d15d8 00000020 T png_reset_crc
002d15f8 00000060 T png_calculate_crc
002d1658 00000104 T png_user_version_check
002d1760 00000120 T png_create_png_struct
002d1880 00000048 T png_create_info_struct
002d18c8 00000060 T png_destroy_info_struct
002d1928 00000010 T png_free_data
002d1938 0000000c T png_get_io_ptr
002d1944 000000b0 T png_handle_as_unknown
002d19f4 00000028 T png_chunk_unknown_handling
002d1a1c 000000cc T png_zstream_error
002d1ae8 00000048 T png_icc_check_length
002d1b30 00000360 T png_icc_check_header
002d1e90 000000b8 T png_icc_check_tag_table
002d1f48 00000390 T png_check_IHDR
002d22d8 0000015c T png_check_fp_number
002d2434 0000005c T png_check_fp_string
002d2490 000000c0 T png_muldiv
002d2550 00000078 T png_reciprocal
002d25c8 000004b0 T png_XYZ_from_xy
002d2a78 00000250 T png_set_rgb_coefficients
002d2cc8 00000020 T png_gamma_significant
002d2ce8 000000a0 T png_reciprocal2
002d2d88 00000018 T png_gamma_8bit_correct
002d2da0 0000005c T png_gamma_correct
002d2dfc 00000134 T png_destroy_gamma_table
002d2f30 00000458 T png_build_gamma_table
002d3388 000000e4 t png_format_buffer.isra.0
002d346c 00000074 T png_safecat
002d34e0 00000380 T png_format_number
002d3860 0000005c T png_warning
002d38bc 0000006c T png_chunk_warning
002d3928 00000094 T png_free_jmpbuf
002d39bc 0000002c T png_longjmp
002d39e8 00000050 t png_default_error
002d3a38 0000002c T png_error
002d3a64 00000018 T png_app_warning
002d3a7c 00000018 T png_app_error
002d3a94 000000c4 T png_set_longjmp_fn
002d3b58 0000002c T png_chunk_error
002d3b84 0000003c T png_chunk_benign_error
002d3bc0 00000078 T png_chunk_report
002d3c38 00000010 T png_set_error_fn
002d3c48 00000040 T png_get_valid
002d3c88 00000018 T png_get_rowbytes
002d3ca0 000000b0 T png_get_IHDR
002d3d50 0000003c T png_get_PLTE
002d3d8c 00000098 T png_get_tRNS
002d3e24 0000000c T png_get_user_chunk_ptr
002d3e30 00000064 T png_destroy_png_struct
002d3e94 0000007c T png_calloc
002d3f10 00000024 T png_malloc_base
002d3f34 00000064 T png_malloc_array
002d3f98 0000011c T png_realloc_array
002d40b4 00000054 T png_malloc
002d4108 0000006c T png_malloc_warn
002d4174 00000024 T png_free
002d4198 00000014 T png_set_mem_fn
002d41ac 0000015c t png_read_info.part.0
002d4308 00000058 T png_create_read_struct
002d4360 00000010 T png_read_info
002d4370 00000044 T png_read_update_info
002d43b4 00000440 T png_read_row
002d47f4 000000d4 T png_read_image
002d48c8 0000016c T png_destroy_read_struct
002d4a34 0000003c T png_default_read_data
002d4a70 00000020 T png_read_data
002d4a90 0000006c T png_set_read_fn
002d4afc 0000020c t png_do_gray_to_rgb
002d4d08 000005ec t png_do_expand
002d52f4 00000038 T png_set_strip_16
002d532c 0000003c T png_set_palette_to_rgb
002d5368 0000003c T png_set_tRNS_to_alpha
002d53a4 00000038 T png_set_gray_to_rgb
002d53dc 00000f88 T png_init_read_transformations
002d6364 000002c8 T png_read_transform_info
002d662c 00002e28 T png_do_read_transformations
002d9454 0000003c t png_read_filter_row_sub
002d9490 00000030 t png_read_filter_row_up
002d94c0 00000084 t png_read_filter_row_avg
002d9544 00000088 t png_read_filter_row_paeth_1byte_pixel
002d95cc 000000d0 t png_read_filter_row_paeth_multibyte_pixel
002d969c 000000ac t png_read_buffer
002d9748 000000fc t png_inflate_claim
002d9844 00000190 t png_inflate.constprop.0
002d99d4 00000200 t png_decompress_chunk.constprop.0
002d9bd4 000001c8 t png_crc_finish_critical
002d9d9c 00000054 t png_handle_IEND
002d9df0 0000028c t png_handle_PLTE
002da07c 000000d8 t png_handle_hIST
002da154 00000164 t png_inflate_read.constprop.0.isra.0
002da2b8 00000090 t png_handle_tIME
002da348 00000078 t png_handle_cICP
002da3c0 000000b0 t png_handle_sRGB
002da470 000000a0 t png_handle_gAMA
002da510 00000070 t png_handle_cLLI
002da580 00000078 t png_handle_pHYs
002da5f8 0000013c t png_handle_IHDR
002da734 000000d8 t png_handle_eXIf
002da80c 000000a4 t png_handle_oFFs
002da8b0 00000164 t png_handle_tEXt
002daa14 00000144 t png_handle_sBIT
002dab58 0000013c t png_handle_mDCV
002dac94 00000204 t png_handle_zTXt
002dae98 000001c0 t png_handle_sCAL
002db058 0000016c t png_handle_cHRM
002db1c4 00000300 t png_handle_iTXt
002db4c4 000002f4 t png_handle_sPLT
002db7b8 000002ac t png_handle_pCAL
002dba64 0000021c t png_handle_bKGD
002dbc80 000000fc t png_cache_unknown_chunk
002dbd7c 0000044c t png_handle_iCCP
002dc1c8 000001fc t png_handle_tRNS
002dc3c4 000000c4 T png_read_sig
002dc488 000000fc T png_read_chunk_header
002dc584 00000208 T png_handle_unknown
002dc78c 000005a4 T png_handle_chunk
002dcd30 000004e0 T png_combine_row
002dd210 000004e0 T png_do_read_interlace
002dd6f0 0000008c T png_read_filter_row
002dd77c 000002c0 T png_read_IDAT_data
002dda3c 000000a0 T png_read_finish_IDAT
002ddadc 0000012c T png_read_finish_row
002ddc08 0000048c T png_read_start_row
002de094 00000074 t check_location
002de108 00000048 T png_set_bKGD
002de150 00000054 T png_set_cHRM_fixed
002de1a4 00000050 T png_set_cICP
002de1f4 0000003c T png_set_cLLI_fixed
002de230 00000160 T png_set_mDCV_fixed
002de390 0000009c T png_set_eXIf_1
002de42c 0000001c T png_set_gAMA_fixed
002de448 000000ac T png_set_hIST
002de4f4 000000e8 T png_set_IHDR
002de5dc 0000002c T png_set_oFFs
002de608 00000288 T png_set_pCAL
002de890 00000174 T png_set_sCAL_s
002dea04 0000002c T png_set_pHYs
002dea30 0000013c T png_set_PLTE
002deb6c 00000040 T png_set_sBIT
002debac 0000001c T png_set_sRGB
002debc8 00000350 T png_set_text_2
002def18 000000a4 T png_set_tIME
002defbc 000001d4 T png_set_tRNS
002df190 00000180 T png_set_sPLT
002df310 00000138 T png_set_unknown_chunks
002df448 00000374 T png_set_keep_unknown_chunks
002df7bc 00000010 T png_set_read_user_chunk_fn
002df7cc 00000010 T png_set_user_limits
002df7dc 00000030 T png_set_interlace_handling
002df80c 000000d0 T png_set_add_alpha
002df8dc 00000140 T png_do_invert
002dfa1c 0000004c T png_do_swap
002dfa68 0000006c T png_do_packswap
002dfad4 00000250 T png_do_strip_channel
002dfd24 00000110 T png_do_bgr
002dfe34 00000180 T png_do_check_palette_indexes
002dffb4 0000038c T crc32_z
002e0340 00000004 T crc32
002e0344 00000130 t updatewindow
002e0474 0000005c t inflateStateCheck
002e04d0 0000009c T inflateResetKeep
002e056c 00000068 T inflateReset
002e05d4 000000d0 T inflateReset2
002e06a4 000000fc T inflateInit2_
002e07a0 000018cc T inflate
002e206c 00000060 T inflateEnd
002e20cc 000004f0 T inflate_table
002e25bc 00000008 T zcalloc
002e25c4 00000008 T zcfree
002e25cc 00000360 T adler32_z
002e292c 00000004 T adler32
002e2930 000005b0 T inflate_fast
002e2ee0 000001c8 T consoleDrawChar
002e30a8 00000170 T consolePrintChar
002e3218 00000cc8 T con_write
002e3ee0 000000fc t newRow
002e3fdc 00000180 T consoleInit
002e415c 000000cc t gfxPresentFramebuffer
002e4228 0000001c T gfxIsWide
002e4244 000000f8 T gfxSetScreenFormat
002e433c 00000010 T gfxSetDoubleBuffering
002e434c 000000d8 T gfxInit
002e4424 000000b8 T gfxExit
002e44dc 000000a0 T gfxGetFramebuffer
002e457c 00000100 T gfxFlushBuffers
002e467c 00000028 T gfxScreenSwapBuffers
002e46a4 00000050 T gfxSwapBuffersGpu
002e46f4 00000180 t aptConvertScreenForCapture
002e4874 00000008 W aptDspSleep
002e487c 00000004 W aptDspWakeup
002e4880 00000004 W aptDspCancel
002e4884 00000138 T aptSendCommand
002e49c0 00000044 t aptExitProcess
002e4a04 00000394 T aptExit
002e4d98 000000d8 T aptHandleSleep
002e4e70 00000084 T APT_SleepIfShellClosed
002e4ef4 00000078 T aptSetSleepAllowed
002e4f6c 00000084 T APT_UnlockTransition
002e4ff0 00000470 t aptEventHandler
002e5460 000000bc T APT_ReceiveParameter
002e551c 000000b0 t aptReceiveParameter.constprop.0
002e55d0 00000294 t aptScreenTransfer
002e5864 000002d0 t aptWaitForWakeUp.isra.0
002e5b34 000000f4 T aptJumpToHomeMenu
002e5c28 00000058 T aptMainLoop
002e5c80 00000240 T aptInit
002e5ec0 00000090 T APT_CheckNew3DS
002e5f50 00000c70 t gspHardwareInit
002e6bc0 00000288 T gspInit
002e6e48 00000104 T gspExit
002e6f4c 00000010 T gspHasGpuRight
002e6f5c 000000a4 T gspPresentBuffer
002e7000 00000050 T gspWaitForEvent
002e7050 00000004 W gxCmdQueueInterrupt
002e7054 00000154 t gspEventThreadMain
002e71a8 00000050 T GSPGPU_FlushDataCache
002e71f8 00000034 T GSPGPU_SetLcdForceBlack
002e722c 00000084 T GSPGPU_AcquireRight
002e72b0 00000064 T GSPGPU_ReleaseRight
002e7314 0000007c T GSPGPU_ImportDisplayCaptureInfo
002e7390 0000002c T GSPGPU_SaveVramSysArea
002e73bc 0000002c T GSPGPU_RestoreVramSysArea
002e73e8 00000024 W hidShouldUseIrrst
002e740c 000001cc T hidInit
002e75d8 000000e8 T hidExit
002e76c0 000002a0 T hidScanInput
002e7960 00000010 T hidKeysDown
002e7970 00000010 T hidKeysUp
002e7980 00000018 T hidCircleRead
002e7998 000001a4 T irrstInit
002e7b3c 000000dc T irrstExit
002e7c18 000000b4 T irrstScanInput
002e7ccc 00000024 T irrstKeysHeld
002e7cf0 00000174 T bind
002e7e64 0000003c T _net_convert_error
002e7ea0 00000024 T freeaddrinfo
002e7ec4 000002cc T getaddrinfo
002e8190 0000017c T getsockname
002e830c 00000138 T getsockopt
002e8444 00000088 T inet_ntop
002e84cc 000000f8 T ioctl
002e85c4 00000148 T socuipc_cmd7
002e870c 00000168 T socuipc_cmd8
002e8874 000000a4 T recvfrom
002e8918 0000015c T socuipc_cmd9
002e8a74 00000160 T socuipc_cmda
002e8bd4 000000a4 T sendto
002e8c78 00000120 T setsockopt
002e8d98 0000016c T socket
002e8f04 00000038 W __libctru_init
002e8f3c 0000016c W __system_initArgv
002e90a8 00000030 T __syscall_getreent
002e90d8 00000064 T __syscall_gettod_r
002e913c 00000004 T __syscall_lock_acquire
002e9140 00000004 T __syscall_lock_release
002e9144 00000004 T __syscall_lock_acquire_recursive
002e9148 00000004 T __syscall_lock_release_recursive
002e914c 00000004 T __syscall_exit
002e9150 00000054 T initThreadVars
002e91a4 00000080 T __system_initSyscalls
002e9224 T svcControlMemory
002e9244 T svcQueryMemory
002e9274 T svcExitProcess
002e927c T svcCreateThread
002e929c T svcExitThread
002e92a4 T svcSleepThread
002e92ac T svcReleaseMutex
002e92b4 T svcCreateEvent
002e92c8 T svcSignalEvent
002e92d0 T svcClearEvent
002e92d8 T svcMapMemoryBlock
002e92e0 T svcUnmapMemoryBlock
002e92e8 T svcCreateAddressArbiter
002e92fc T svcArbitrateAddressNoTimeout
002e9304 T svcCloseHandle
002e930c T svcWaitSynchronization
002e9314 T svcWaitSynchronizationN
002e933c T svcDuplicateHandle
002e9350 T svcGetSystemTick
002e9358 T svcGetSystemInfo
002e9370 T svcConnectToPort
002e9384 T svcSendSyncRequest
002e938c T svcGetResourceLimit
002e93a0 T svcGetResourceLimitLimitValues
002e93a8 T svcGetResourceLimitCurrentValues
002e93b0 T svcBreak
002e93b8 W initSystem
002e9408 W __ctru_exit
002e941c 00000024 t addrMapNodeComparator(rbtree_node const*, rbtree_node const*)
002e9440 00000004 t addrMapNodeDestructor(rbtree_node*)
002e9444 0000012c T linearMemAlign
002e9570 00000008 T linearAlloc
002e9578 0000005c T linearFree
002e95d4 00000088 T MemPool::CoalesceRight(MemBlock*)
002e965c 00000178 T MemPool::Allocate(MemChunk&, unsigned long, int)
002e97d4 00000118 T MemPool::Deallocate(MemChunk const&)
002e98ec 00000030 T MemPool::GetFreeSpace()
002e991c 00000024 t addrMapNodeComparator(rbtree_node const*, rbtree_node const*)
002e9940 00000004 t addrMapNodeDestructor(rbtree_node*)
002e9944 00000248 T vramMemAlignAt
002e9b8c 0000000c T vramAlloc
002e9b98 00000094 T vramFree
002e9c2c 0000008c W envGetHandle
002e9cb8 00000050 W envDestroyHandles
002e9d08 00000054 T osGetTimeRef
002e9d5c 000000ec T osGetTime
002e9e48 00000034 T __ctru_speedup_config
002e9e7c 00000164 T srvInit
002e9fe0 00000064 T srvExit
002ea044 00000060 T srvEnableNotification
002ea0a4 000000a0 T srvGetServiceHandleDirect
002ea144 00000048 T srvGetServiceHandle
002ea18c 00000034 T srvSubscribe
002ea1c0 00000060 T srvReceiveNotification
002ea220 00000038 T srvPublishToSubscriber
002ea258 0000000c T __sync_init
002ea264 00000018 T __sync_fini
002ea27c 00000028 T syncArbitrateAddress
002ea2a4 000000ac T LightLock_Lock
002ea350 00000040 T LightLock_Unlock
002ea390 00000054 T RecursiveLock_Lock
002ea3e4 00000054 T RecursiveLock_Unlock
002ea438 00000044 T LightEvent_Init
002ea47c 000000b8 T LightEvent_Clear
002ea534 000000dc T LightEvent_Signal
002ea610 00000050 T LightEvent_TryWait
002ea660 000000ac T LightEvent_Wait
002ea70c 000001fc T threadCreate
002ea908 00000038 T threadFree
002ea940 00000024 T threadJoin
002ea964 00000030 T threadGetCurrent
002ea994 00000040 T threadExit
002ea9d4 00000020 t _thread_begin
002ea9f4 00000090 t mappableFindAddressWithin
002eaa84 00000028 T mappableInit
002eaaac 0000007c T mappableAlloc
002eab28 00000004 T mappableFree
002eab2c 00000078 T ptmSysmInit
002eaba4 0000003c T ptmSysmExit
002eabe0 00000034 T PTMSYSM_ConfigureNew3DSCPU
002eac14 0000000c T srvPmGetSessionHandle
002eac20 0000015c T fcntl
002ead7c 00000074 T rbtree_find
002eadf0 00000010 T rbtree_init
002eae00 00000198 t do_insert
002eaf98 00000008 T rbtree_insert
002eafa0 00000310 T rbtree_remove
002eb2b0 00000090 T rbtree_rotate
002eb340 000001e8 W __system_allocateHeaps
002eb528 00000030 W __appExit
002eb558 00000030 W __appInit
002eb588 00000090 W __libctru_exit
002eb618 00000024 t error_cmp
002eb63c 00000050 t archive_translate_error
002eb68c 000000c0 t archive_seek
002eb74c 00000078 t _archiveInit.part.0
002eb7c4 00000110 t archiveFindDevice.part.0
002eb8d4 00000298 t archive_utf16path
002ebb6c 00000098 t _archiveUnmountDeviceStruct.part.0
002ebc04 00000178 t _archiveMountDevice
002ebd7c 000000f8 t archive_diropen
002ebe74 000000ac t archive_fstat
002ebf20 00000074 t archive_fsync
002ebf94 00000074 t archive_close
002ec008 00000078 t archive_dirclose
002ec080 000000ec t sdmc_statvfs
002ec16c 000000f8 t archive_chdir
002ec264 0000008c t archive_ftruncate
002ec2f0 000000bc t archive_read
002ec3ac 000000a8 t archive_unlink
002ec454 000000c0 t archive_rmdir
002ec514 000000d8 t archive_mkdir
002ec5ec 000001a0 t archive_stat
002ec78c 00000164 t archive_dirnext
002ec8f0 0000013c t archive_write
002eca30 00000254 t archive_open
002ecc84 00000270 t archive_rename
002ecef4 000001c8 T archiveMountSdmc
002ed0bc 00000054 T archiveUnmountAll
002ed110 00000104 T fsInit
002ed214 0000003c T fsExit
002ed250 00000068 T fsExemptFromSession
002ed2b8 00000050 T fsUnexemptFromSession
002ed308 000000cc T FSUSER_OpenFile
002ed3d4 000000b8 T FSUSER_DeleteFile
002ed48c 000000f4 T FSUSER_RenameFile
002ed580 000000b8 T FSUSER_DeleteDirectory
002ed638 000000d0 T FSUSER_CreateFile
002ed708 000000c0 T FSUSER_CreateDirectory
002ed7c8 000000f4 T FSUSER_RenameDirectory
002ed8bc 000000b4 T FSUSER_OpenDirectory
002ed970 00000090 T FSUSER_OpenArchive
002eda00 0000008c T FSUSER_CloseArchive
002eda8c 00000074 T FSUSER_GetSdmcArchiveResource
002edb00 00000064 T FSUSER_IsSdmcWritable
002edb64 00000064 T FSFILE_Read
002edbc8 0000006c T FSFILE_Write
002edc34 00000044 T FSFILE_GetSize
002edc78 00000028 T FSFILE_SetSize
002edca0 0000003c T FSFILE_Close
002edcdc 00000024 T FSFILE_Flush
002edd00 00000060 T FSDIR_Read
002edd60 0000003c T FSDIR_Close
002edd9c 00000060 T rbtree_node_next
002eddfc 00000140 T decode_utf8
002edf3c 000000e8 T utf16_to_utf8
002ee024 000000c0 T utf8_to_utf16
002ee0e4 T __aeabi_read_tp
002ee0f0 00000054 T decode_utf16
002ee144 00000054 T encode_utf16
002ee198 000000e0 T encode_utf8
002ee278 000000b0 T sin
002ee328 00000114 T modf
002ee440 00000070 T hypot
002ee4b0 00000310 T __ieee754_rem_pio2
002ee7c0 00000740 T pow
002eef00 000008b8 T __kernel_rem_pio2
002ef7b8 00000140 T scalbn
002ef8f8 00000058 T sqrt
002ef950 000000c4 T round
002efa18 000000c0 T __kernel_sin
002efad8 000000a8 T cos
002efb80 00000008 T __ieee754_sqrt
002efb88 00000088 T frexp
002efc10 00000144 T floor
002efd54 0000007c T __fpclassifyd
002efdd0 00000014 T finite
002efde8 00000150 T __kernel_cos
002eff38 00000014 T fabs
002eff50 000001e4 T __ieee754_hypot
002f0134 00000024 t with_errno
002f0158 00000028 t xflow
002f0180 00000010 T __math_uflow
002f0190 00000010 T __math_oflow
002f01a0 00000048 T __math_divzero
002f01e8 0000001c T __math_invalid
002f0204 00000014 T __math_check_uflow
002f0218 00000028 T __math_check_oflow
002f0240 0000002c T __aeabi_f2lz
002f0240 0000002c T __fixsfdi
002f026c 0000002c T __aeabi_d2lz
002f026c 0000002c T __fixdfdi
002f0298 00000040 T __aeabi_f2ulz
002f0298 00000040 T __fixunssfdi
002f02d8 00000040 T __aeabi_d2ulz
002f02d8 00000040 T __fixunsdfdi
002f0318 00000130 T __udivmoddi4
002f0448 000000e4 T strncat
002f052c 00000034 T ftell
002f0560 000000bc T strcat
002f061c 00000028 T fstat
002f0644 00000044 T rand
002f0688 00000024 T getenv
002f06ac 00000078 T sscanf
002f0724 00000130 t critical_factorization
002f0854 0000033c t two_way_long_needle
002f0b90 00000238 T strstr
002f0dc8 00000128 T memcpy
002f0ef0 0000000c T atol
002f0efc 0000002c T vprintf
002f0f28 00000014 T setbuf
002f0f3c 00000018 T isalnum
002f0f54 0000008c T strlen
002f0fe0 00000334 T _fread_r
002f1314 00000038 T fread
002f134c 00000078 T bsearch
002f13c4 000000b8 T fputc
002f147c 00000050 t get_arg
002f14cc 00002b88 T __ssvfscanf_r
002f4054 00000134 T _fopen_r
002f4188 00000028 T fopen
002f41b0 00000008 T atof
002f41b8 00000060 t sulp
002f4218 00001428 T _strtod_l
002f5640 00000044 T _strtod_r
002f5684 00000048 T strtod
002f56d0 00000110 T strtof
002f57e0 00000034 T clock
002f5814 00000020 T close
002f5834 0000001c T gmtime
002f5850 000005e0 t get_arg
002f5e30 00003554 T _vfprintf_r
002f9384 000000b4 t __sbprintf
002f9438 00000028 T memalign
002f9460 00000264 t _strtoull_l.isra.0
002f96c4 00000038 T _strtoull_r
002f96fc 00000068 T strcasecmp
002f9764 000000a0 T _wcrtomb_r
002f9804 000005e0 t get_arg
002f9de4 0000226c T _svfiprintf_r
002fc050 000000f4 t rshift
002fc144 000008b4 T __gethex
002fc9f8 000000a0 T snprintf
002fca98 00000044 T strupr
002fcadc 000000c0 T fileno
002fcb9c 000001ec t _strtoul_l.isra.0
002fcd88 00000038 T _strtoul_r
002fcdc0 0000003c T strtoul
002fcdfc 000000b8 T __submore
002fceb4 00000230 T _ungetc_r
002fd0e4 00000028 T ungetc
002fd10c 000000a4 T __ssprint_r
002fd1b0 000000c4 T _mbrtowc_r
002fd274 00000050 T _remove_r
002fd2c4 00000058 T remove
002fd31c 00000094 T strncasecmp
002fd3b0 00000140 T strchr
002fd4f0 00000018 T isspace
002fd508 000000d8 T memcmp
002fd5e0 00000198 T _fgets_r
002fd778 00000030 T fgets
002fd7a8 00000028 T calloc
002fd7d0 00000048 T access
002fd818 000000f8 T __sccl
002fd910 00000074 T strpbrk
002fd984 00000334 t validate_structure
002fdcb8 000004d8 T mktime
002fe190 00000410 T _strerror_r
002fe5a0 00000028 T strerror
002fe5c8 0000016c T _memalign_r
002fe734 0000000c T __errno
002fe740 00000014 T abort
002fe754 00000164 T __smakebuf_r
002fe8b8 00000090 T __swhatbuf_r
002fe948 00000018 T difftime
002fe960 0000047c t _strtoll_l.isra.0
002feddc 00000038 T _strtoll_r
002fee14 000000f0 T strcpy
002fef04 00000078 T __currentlocale
002fef7c 000007c8 T __loadlocale
002ff744 0000008c T __get_locale_env
002ff7d0 00000358 T _setlocale_r
002ffb28 00000024 T __locale_mb_cur_max
002ffb4c 00000028 T setlocale
002ffb74 000000e4 T memset
002ffc58 000000d8 T _calloc_r
002ffd30 0000022c T __sflush_r
002fff5c 000000c4 T _fflush_r
00300020 00000044 T fflush
00300064 00000088 T _vsnprintf_r
003000ec 00000038 T vsnprintf
00300124 00000030 T __sprint_r
00300154 00000104 T _fwrite_r
00300258 00000038 T fwrite
00300290 00000028 T realloc
003002b8 00000080 T strcspn
00300338 0000003c T fscanf
00300374 000008e8 T qsort
00300c5c 000001c4 T _ftello_r
00300e20 00000258 T __tzcalc_limits
00301078 000000fc T _putc_r
00301174 0000082c T _malloc_r
003019a0 000001c0 t quorem
00301b60 00001420 T _dtoa_r
00302f80 00000124 T __swbuf_r
003030a4 00000114 T _malloc_trim_r
003031b8 00000314 T _free_r
003034cc 00000294 T setvbuf
00303760 0000005c T strspn
003037bc 00000050 t get_arg
0030380c 000000e4 T _sungetc_r
003038f0 0000006c T __ssrefill_r
0030395c 000000b4 T _sfread_r
00303a10 000022c4 T __ssvfiscanf_r
00305cd4 0000001c t stdio_exit_handler
00305cf0 0000005c t cleanup_stdio
00305d4c 00000154 t global_stdio_init.part.0
00305ea0 00000138 T __sfp
00305fd8 0000005c T __sinit
00306034 0000000c T __sfp_lock_acquire
00306040 0000000c T __sfp_lock_release
0030604c 0000000c T atoi
00306058 00000384 t _strtol_l.part.0
003063dc 0000006c T _strtol_r
00306448 00000074 T strtol
003064bc 00000084 T __libc_init_array
00306540 00000018 T ispunct
00306558 000000d4 T strncpy
0030662c 0000001c T _fseek_r
00306648 00000034 T fseek
0030667c 00000010 T _tzset_unlocked
0030668c 00000040 T malloc
003066cc 00000020 T free
003066ec 000000e8 T memchr
003067d4 00000028 T _wcsrtombs_r
003067fc 00000048 T strrchr
00306844 00000140 T __swsetup_r
00306984 000000e0 T _puts_r
00306a64 00000020 T puts
00306a84 0000000c T __gettzinfo
00306a90 000000dc T _findenv_r
00306b6c 00000018 T _getenv_r
00306b84 00000070 T stpcpy
00306bf4 00000024 T _localeconv_r
00306c18 00000024 T localeconv
00306c3c 00000044 T __sread
00306c80 00000008 T __seofread
00306c88 00000068 T __swrite
00306cf0 00000040 T __sseek
00306d30 00000008 T __sclose
00306d38 000001a8 T memmove
00306ee0 000000d8 T fgetc
00306fb8 00000060 T vsprintf
00307018 000004f0 T _realloc_r
00307508 0000001c T localtime
00307524 00000044 T strlwr
00307568 00000020 T strdup
00307588 000000c0 T _fputs_r
00307648 00000028 T fputs
00307670 0000000c T __malloc_lock
0030767c 0000000c T __malloc_unlock
00307688 00000588 T _fseeko_r
00307c10 00000148 T _fclose_r
00307d58 00000020 T fclose
00307d78 00000048 T time
00307dc0 0000003c T fprintf
00307dfc 00000008 T _user_strerror
00307e04 00000004 W __call_exitprocs
00307e08 00000030 T exit
00307e38 00000030 T strtok
00307e68 000005e0 t get_arg
00308448 0000345c T _svfprintf_r
0030b8a4 000000b8 T __sflags
0030b95c 00000028 T stat
0030b984 000000cc T _tmpfile_r
0030ba50 00000010 T tmpfile
0030ba60 0000012c T __ssputs_r
0030bb8c 0000002c T __ascii_wctomb
0030bbb8 000000f8 T __utf8_wctomb
0030bcb0 00000088 T __sjis_wctomb
0030bd38 000000b4 T __eucjp_wctomb
0030bdec 000000c8 T __jis_wctomb
0030beb4 0000003c T __libc_fini_array
0030bef0 0000003c T strnlen
0030bf2c 0000025c T gmtime_r
0030c188 000000d8 T strncmp
0030c260 00000004 T strcoll
0030c264 00000648 T _tzset_unlocked_r
0030c8ac 000000d8 T getc
0030c984 0000015c T _wcsnrtombs_l
0030cae0 00000064 T _wcsnrtombs_r
0030cb44 00000070 T __match
0030cbb4 000002a8 T __hexnan
0030ce5c 00000064 T _sprintf_r
0030cec0 00000068 T sprintf
0030cf28 000000bc T __strtok_r
0030cfe4 00000010 T __set_ctype
0030cff4 00000140 t iso_year_adjust
0030d134 00001118 t __strftime.isra.0
0030e24c 00000038 T strftime
0030e284 00000020 T unlink
0030e2a4 00000038 t lflush
0030e2dc 000001a8 T __srefill_r
0030e488 00000010 T nan
0030e498 0000000c T nanf
0030e4a4 000000dc T stpncpy
0030e580 0000000c T __env_lock
0030e58c 0000000c T __env_unlock
0030e598 0000005c T __assert_func
0030e5f4 00000054 T _strdup_r
0030e648 00000008 T iswspace
0030e650 00000088 T _Balloc
0030e6d8 0000001c T _Bfree
0030e6f4 000000f4 T __multadd
0030e7e8 0000010c T __s2b
0030e8f4 00000080 T __hi0bits
0030e974 000000f0 T __lo0bits
0030ea64 000000a4 T __i2b
0030eb08 00000230 T __multiply
0030ed38 00000130 T __pow5mult
0030ee68 00000138 T __lshift
0030efa0 00000058 T __mcmp
0030eff8 00000218 T __mdiff
0030f210 00000068 T __ulp
0030f278 000000d4 T __b2d
0030f34c 00000120 T __d2b
0030f46c 00000078 T __ratio
0030f4e4 0000008c T __copybits
0030f570 0000005c T __any_on
0030f5cc 0000000c T abs
0030f5d8 0000009c t worker
0030f674 00000058 T _tmpnam_r
0030f6cc 00000070 T _fwalk_sglue
0030f73c 00000068 T __srget_r
0030f7a4 00000024 T div
0030f7c8 00000044 T __ascii_mbtowc
0030f80c 00000340 T __utf8_mbtowc
0030fb4c 000000dc T __sjis_mbtowc
0030fc28 00000150 T __eucjp_mbtowc
0030fd78 000001d8 T __jis_mbtowc
0030ff50 0000003c T fiprintf
0030ff8c 000004a4 T __sfvwrite_r
00310430 0000000c T __tz_lock
0031043c 0000000c T __tz_unlock
00310448 0000009c T _raise_r
003104e4 00000020 T raise
00310504 0000000c T labs
00310510 0000035c T localtime_r
0031086c 00000050 t get_arg
003108bc 00002bc4 T __svfscanf_r
00313480 00000040 T _vfscanf_r
003134c0 00000150 T _fdopen_r
00313610 00000078 T siscanf
00313688 00000038 T iswspace_l
003136c0 000005e0 t get_arg
00313ca0 000022f8 T _vfiprintf_r
00315f98 000000b4 t __sbprintf
0031604c 000000a0 T sniprintf
003160ec 00000090 T category
0031617c 00000020 T _exit
0031619c 00000140 T chdir
003162dc 00000090 T getcwd
0031636c 000001c8 T _concatenate_path
00316534 00000070 t __dirnext
003165a4 00000068 t __dirreset.isra.0
0031660c 00000114 T opendir
00316720 00000098 T closedir
003167b8 000000f8 T readdir_r
003168b0 00000048 T readdir
003168f8 00000030 T rewinddir
00316928 0000009c T _fstat_r
003169c4 00000014 T _getpid_r
003169d8 0000002c T __getreent
00316a04 00000030 T _gettimeofday_r
00316a34 000000a0 T __release_handle
00316ad4 000000b0 T __alloc_handle
00316b84 00000058 T __get_handle
00316bdc 00000110 T _close_r
00316cec 00000008 t null_write
00316cf4 00000018 T setDefaultDevice
00316d0c 00000098 T FindDevice
00316da4 00000024 T RemoveDevice
00316dc8 00000088 T AddDevice
00316e50 00000020 T GetDeviceOpTab
00316e70 00000008 T _isatty_r
00316e78 00000014 T _kill_r
00316e8c 00000094 T _lseek_r
00316f20 0000007c T lstat
00316f9c 00000068 T mkdir
00317004 000000c0 T _open_r
003170c4 00000094 T _read_r
00317158 00000370 T realpath
003174c8 0000007c T _rmdir_r
00317544 00000078 W _sbrk_r
003175bc 00000080 T _stat_r
0031763c 0000001c T __libc_lock_acquire
00317658 0000001c T __libc_lock_release
00317674 0000001c T __libc_lock_acquire_recursive
00317690 0000001c T __libc_lock_release_recursive
003176ac 00000014 T _times_r
003176c0 00000078 T _unlink_r
00317738 00000094 T _write_r
003177cc 00000084 T readlink_r
00317850 00000030 T readlink
00317880 00000018 t selfrel_offset31
00317898 00000090 t search_EIT_table
00317928 00000040 t __gnu_unwind_get_pr_addr
00317968 00000110 t get_eit_entry
00317a78 00000088 t restore_non_core_regs
00317b00 00000014 t _Unwind_decode_typeinfo_ptr.constprop.0
00317b14 00000004 t _Unwind_DebugHook
00317b18 00000064 t unwind_phase2
00317b7c 0000013c t unwind_phase2_forced
00317cb8 000000a4 T __gnu_Unwind_RaiseException
00317d5c 00000020 T __gnu_Unwind_ForcedUnwind
00317d7c 00000074 T __gnu_Unwind_Resume
00317df0 00000020 T __gnu_Unwind_Resume_or_Rethrow
00317e10 0000007c T _Unwind_VRS_Get
00317e8c 0000002c t _Unwind_GetGR
00317eb8 0000007c T _Unwind_VRS_Set
00317f34 0000002c t _Unwind_SetGR
00317f60 000000c0 T __gnu_Unwind_Backtrace
00318020 00000404 t __gnu_unwind_pr_common
00318424 00000008 T __aeabi_unwind_cpp_pr0
0031842c 00000008 W __aeabi_unwind_cpp_pr1
00318434 00000008 W __aeabi_unwind_cpp_pr2
0031843c 00000454 T _Unwind_VRS_Pop
00318890 00000064 t next_unwind_byte
003188f4 0000046c T __gnu_unwind_execute
00318d60 00000028 T strndup
00318d88 00000078 T _strndup_r
00318e00 T _fini
00319020 0000000a r __FUNCTION__.1
0031902c 0000000c r __FUNCTION__.0
003190b0 000015f8 R INT_CONST
0031a6a8 000000e4 R MENUTYPES_LIST
0031a78c 00000054 R HUDITEMS_LIST
0031a7e0 00000078 R POWERS_LIST
0031a858 00000010 R TO_LIST
0031a868 00000030 R SD_LIST
0031a898 00000058 R SSF_LIST
0031a8f0 00000028 R MSF_LIST
0031a918 00000044 R ML_LIST
0031a95c 00000084 R GAMETYPERULE_LIST
0031a9e0 00000084 R PLAYERFLAG_LIST
0031aa64 00000014 R MAPTHINGFLAG_LIST
0031aa78 0000003c R MOBJEFLAG_LIST
0031aab4 00000080 R MOBJFLAG2_LIST
0031ab34 0000007c R MOBJFLAG_LIST
0031abb0 00000a50 R MOBJTYPE_LIST
0031b600 00002978 R STATE_LIST
0031df78 00000008 R NIGHTSGRADE_LIST
0031e264 00000044 r introscenetime
0031e2a8 00000068 r credits_pics
0031e310 000002f0 r credits
0031e600 00000048 r CSWTCH.1493
0031e6b8 0000000c r angleturn
0031e6cc 000008f0 r keynames
0031efbc 000000ac r gamecontrolname
0031f068 00000008 R gcl_jump_spin
0031f070 00000004 R gcl_spin
0031f074 00000004 R gcl_jump
0031f078 00000018 R gcl_movement_camera
0031f090 00000008 R gcl_camera
0031f098 00000010 R gcl_movement
0031f0a8 00000034 R gcl_tutorial_full
0031f0dc 00000020 R gcl_tutorial_used
0031f0fc 00000018 R gcl_tutorial_check
0031f128 00000070 r player_arrow
0031f198 00000030 r thintriangle_guy
0031f1c8 00000020 r cross_mark
0031f1e8 00000020 r premiers.0
0031f28c 0000004c r CSWTCH.688
0031f350 00000040 r logtabdec
0031f554 0000003c r quitsounds
0031f5a4 00000010 r CSWTCH.2783
0031f620 00000020 r xspeed
0031f640 00000020 r yspeed
0031f660 00000009 r opposite
0031f66c 00000004 r diags
0031f670 0000000a r LASERCOLORS.2
00321454 0000000f r FUME_SKINCOLORS.0
0032146c 00080000 r fineacon
003a147c 00000010 r BlendTab_Count
003a148c 0000001c r BlendTab_FromStyle
003a14a8 0000001b r __func__.0
003a14d8 00000050 r CSWTCH.206
003a1754 0000000b r hudminusalpha
003a1760 0000000b r hudplusalpha
003a19e0 00000028 r backgrounds
003a1a08 00000020 r bonuspatches
003a1a28 00000010 r CSWTCH.26
003a1a38 00000030 r CSWTCH.27
003a1ac8 00000090 r meta2arch
003a1b58 0000004c r liblist
003a1ba4 00000198 r meta2utype
003a1d3c 0000004c r mobjHookNames
003a1d88 00000010 r stringHookNames
003a1d98 00000080 r hookNames
003a1e18 00000020 r hudHookNames
003a1e40 0000001c r cvar_opt
003a1eac 00000014 R sfxinfo_wopt
003a1ec0 0000001c R sfxinfo_ropt
003a1edc 00000064 R mobjinfo_opt
003a20a0 00000140 r mobj_opt
003a21e0 0000004c R mapthing_opt
003a2478 00000248 r player_opt
003a26c0 0000001c r ticcmd_opt
003a2704 00000008 r sprites_opt
003a270c 000000a0 r skin_opt
003a28f4 00000010 r vector_opt
003a2904 00000008 r array_opt
003a290c 00000024 r slope_opt
003a2930 00000018 r bbox_opt
003a2948 00000008 r valid_opt
003a2950 00000080 r ffloor_opt
003a29d0 00000088 r side_opt
003a2a58 000000a4 r sector_opt
003a2afc 00000018 r subsector_opt
003a2b14 00000060 r line_opt
003a2b74 00000020 r vertex_opt
003a2b94 000000b8 r mapheaderinfo_opt
003a2c68 00000048 r polyobj_opt
003a2cb0 00000008 r valid_opt
003a2cb8 00000010 r search_opt
003a2d04 0000006c r hud_disable_options
003a2d70 00000010 r hudinfo_opt
003a2d80 00000040 r camera_opt
003a2dc0 00000010 r widtht_opt
003a2dd0 00000064 r align_opt
003a2e34 00000018 r patch_opt
003a2e88 00000034 r extracolormap_opt
003a2ed0 0000008d R lua_ident
003a2f68 00000020 r opts.1
003a2f88 0000001c r optsnum.0
003a2fa4 00000010 r statnames
003a2fb4 000000b8 r base_funcs
003a306c 00000038 r co_funcs
003a30a4 00000030 r lualibs
003a30d4 0000001c r whitelist
003a30f0 00000010 r modenames.3
003a3100 0000000c r mode.2
003a310c 00000010 r modenames.1
003a311c 0000000c r mode.0
003a3128 00000050 r flib
003a3178 00000030 r iolib
003a32d8 00000090 R luaX_tokens
003a3380 00000100 r log_2.0
003a3518 00000078 r strlib
003a3590 00000050 r tab_funcs
003a36d8 0000002c R luaP_opmodes
003a3704 000000b4 R luaP_opnames
003a385c 00000028 r priority
003a3884 00000064 r luaT_eventname.0
003a38e8 0000002c R luaT_typenames
003a3988 00000028 r syslib
003a3a4c 00000010 r CSWTCH.215
003a3a7c 00000088 r packettypename
003a3b10 00000010 r CSWTCH.354
003a3b20 00000018 r CSWTCH.380
003a4b94 r .LC55
003a4ba0 r .LC56
003a4ba8 r .LC57
003a4bb8 r .LC58
003a5068 r .LC72
003a5680 r .LC148
003a5688 r .LC149
003a5690 r .LC150
003a5698 r .LC151
003a56a0 r .LC152
003a56a8 r .LC153
003a56b0 r .LC154
003a56bc r .LC156
003a56c8 r .LC158
003a56d0 r .LC161
003a56d8 r .LC163
003a56e0 r .LC164
003a56e8 r .LC165
003a5894 r .LC193
003a58a0 r .LC194
003a58a8 r .LC195
003a5a8c r .LC231
003a5a94 r .LC236
003a5bb4 r .LC256
003a5bc0 r .LC257
003a5bcc r .LC258
003a5bd4 r .LC259
003a5bdc r .LC261
003a5be8 r .LC262
003a5bf0 r .LC263
003a5bfc r .LC264
003a5c04 r .LC265
003a5c3c r .LC268
003a5db0 r .LC290
003a602c r .LC399
003a6104 r .LC341
003a6240 r .LC361
003a6244 r .LC354
003a6258 r .LC363
003a6270 r .LC365
003a627c r .LC366
003a628c r .LC367
003a6298 r .LC368
003a62a4 r .LC369
003a62b0 r .LC370
003a6408 r .LC383
003a6410 r .LC384
003a656c r .LC400
003a6578 r .LC401
003a6730 r .LC418
003a6844 r .LC438
003a684c r .LC439
003a6854 r .LC440
003a685c r .LC441
003a6864 r .LC442
003a7b3c r .LC260
003a831c r .LC147
003a90f0 r .LC235
003a9e14 r .LC419
003ab3c0 r .LC160
003ac778 r .LC155
003ac788 r .LC167
003ac79c r .LC166
003ac7b0 r .LC162
003ac7c4 r .LC159
003ac7d8 r .LC157
003ad03c r .LC385
003ad03c r .LC54
003ad1b4 r .LC232
003b91a0 r .LC237
003b9598 r .LC234
003bbd20 r .LC19
003bd880 r .LC135
003be6a0 r .LC43
003be930 r .LC55
003bed18 r .LC53
003bfa5c r .LC233
003c0ba4 r .LC196
003c417c r .LC148
003c7360 r .LC128
003c7714 r .LC31
003c7754 r .LC44
003c77b0 r .LC56
003c77bc r .LC57
003c77cc r .LC58
003c7878 r .LC75
003c7884 r .LC76
003c7894 r .LC77
003c78a4 r .LC78
003c78b4 r .LC79
003c78c0 r .LC80
003c78cc r .LC81
003c78e0 r .LC82
003c78f0 r .LC83
003c7908 r .LC84
003c7918 r .LC85
003c7928 r .LC86
003c7938 r .LC87
003c7948 r .LC88
003c7954 r .LC89
003c7960 r .LC90
003c7970 r .LC91
003c7980 r .LC92
003c7990 r .LC93
003c79a0 r .LC94
003c79b0 r .LC95
003c79c0 r .LC96
003c79d0 r .LC97
003c79e0 r .LC98
003c79f0 r .LC99
003c7a00 r .LC100
003c7a10 r .LC101
003c7a20 r .LC102
003c7a2c r .LC103
003c7a38 r .LC104
003c7a44 r .LC105
003c7a50 r .LC106
003c7a5c r .LC107
003c7a64 r .LC108
003c7a70 r .LC109
003c7a84 r .LC110
003c7a98 r .LC111
003c7aac r .LC112
003c7ac0 r .LC113
003c7ad8 r .LC114
003c7af0 r .LC115
003c7b04 r .LC116
003c7b18 r .LC117
003c7b28 r .LC118
003c7b34 r .LC119
003c7b40 r .LC120
003c7b50 r .LC121
003c7b5c r .LC122
003c7b6c r .LC123
003c7b78 r .LC124
003c7b84 r .LC125
003c7b98 r .LC126
003c7ba0 r .LC127
003c7bb0 r .LC128
003c7bbc r .LC129
003c7bc8 r .LC130
003c7bd8 r .LC131
003c7bdc r .LC132
003c7bec r .LC133
003c7bf8 r .LC134
003c7c08 r .LC135
003c7c14 r .LC136
003c7c20 r .LC137
003c7c2c r .LC138
003c7c38 r .LC139
003c7c48 r .LC140
003c7c58 r .LC141
003c7c6c r .LC142
003c7c78 r .LC143
003c7c78 r .LC29
003c7c80 r .LC144
003c7c8c r .LC145
003c7c98 r .LC146
003c7ca0 r .LC147
003c7ca8 r .LC150
003c7cb4 r .LC151
003c7cbc r .LC152
003c7ccc r .LC153
003c7cdc r .LC154
003c7ce8 r .LC156
003c7cf4 r .LC158
003cc144 r .LC53
003cc29c r .LC51
003ccad0 r .LC52
003cffb0 r .LC28
003d0144 r .LC30
003d2000 r .LC21
003d200c r .LC22
003d2018 r .LC23
003d202c r .LC24
003d2040 r .LC25
003d2054 r .LC26
003d2068 r .LC30
003d2078 r .LC31
003d2088 r .LC32
003d20a0 r .LC34
003d2108 r .LC37
003d229c r .LC65
003d22a4 r .LC66
003d22ac r .LC67
003d22b4 r .LC68
003d22c4 r .LC69
003d22d0 r .LC70
003d22dc r .LC71
003d22e8 r .LC72
003d22f0 r .LC73
003d22fc r .LC74
003d230c r .LC75
003d231c r .LC76
003d2328 r .LC77
003d2338 r .LC78
003d2348 r .LC79
003d2350 r .LC80
003d2360 r .LC81
003d236c r .LC82
003d2378 r .LC83
003d2380 r .LC84
003d238c r .LC85
003d2398 r .LC86
003d23a0 r .LC87
003d23ac r .LC88
003d23b8 r .LC89
003d23c4 r .LC90
003d23d4 r .LC91
003d23e8 r .LC92
003d23f8 r .LC93
003d2404 r .LC94
003d2414 r .LC95
003d2424 r .LC96
003d2430 r .LC97
003d2444 r .LC98
003d244c r .LC99
003d2458 r .LC100
003d2468 r .LC101
003d2474 r .LC102
003d2480 r .LC103
003d2490 r .LC104
003d24a0 r .LC105
003d24b0 r .LC106
003d24c0 r .LC107
003d24d0 r .LC108
003d24e0 r .LC109
003d24f0 r .LC110
003d2500 r .LC111
003d250c r .LC112
003d2518 r .LC113
003d2528 r .LC114
003d2538 r .LC116
003d2548 r .LC117
003d2554 r .LC118
003d255c r .LC119
003d2568 r .LC120
003d2578 r .LC121
003d2584 r .LC122
003d2598 r .LC123
003d25a8 r .LC124
003d25b8 r .LC125
003d25d0 r .LC126
003d25dc r .LC127
003d25f0 r .LC129
003d25f8 r .LC130
003d2604 r .LC131
003d2614 r .LC133
003d2620 r .LC137
003d2634 r .LC139
003d2d84 r .LC115
003d3a10 r .LC149
003d406c r .LC159
003d47c8 r .LC157
003d484c r .LC155
003d5ec8 r .LC33
003d5ed4 r .LC34
003d5ee0 r .LC35
003d5f10 r .LC37
003d5f1c r .LC38
003d5f48 r .LC40
003d5f78 r .LC42
003d5f84 r .LC43
003d5f90 r .LC44
003d5f9c r .LC45
003d5fa8 r .LC46
003d5fb4 r .LC47
003d5fc4 r .LC48
003d5fd0 r .LC49
003d5fdc r .LC50
003d5fe8 r .LC54
003d5ff4 r .LC55
003d5ffc r .LC56
003d6004 r .LC57
003d74a0 r .LC58
003d9390 r .LC27
003da49c r .LC2
003df9d4 r .LC136
003dfde4 r .LC134
003e17f4 r .LC18
003e21e0 r .LC192
003e2e9c 0000000c r CSWTCH.1480
003e2eac 00000013 r CSWTCH.687
003e2ecc 00000014 r CSWTCH.340
003e2eec 00000014 r CSWTCH.558
003e2f0c 0000001c r CSWTCH.1691
003e2f2c 0000001c r CSWTCH.1674
003e2f4c 00000006 r CSWTCH.2599
003e2f54 00000006 r CSWTCH.614
003e2f5c 00000004 r CSWTCH.383
003e2fc4 00000008 r png_signature.1
003e2fcc 0000000c r D50_nCIEXYZ
003e2fe0 00000011 r digits.1
003e2ff4 00000010 r png_digit
003e3074 00000090 r row_mask.0
003e3104 00000048 r display_mask.1
003e314c 000000e0 r read_chunks
003e322c 00000007 r png_pass_yinc
003e3234 00000007 r png_pass_ystart
003e323c 00000007 r png_pass_inc
003e3244 00000007 r png_pass_start
003e324c 00000069 r chunks_to_ignore.0
003e32c0 00000100 r fourbppswaptable
003e33c0 00000100 r twobppswaptable
003e34c0 00000100 r onebppswaptable
003e35c0 00001000 r crc_braid_table
003e45c0 00000400 r crc_table
003e4a00 00000080 r distfix.0
003e4a80 00000800 r lenfix.1
003e5280 00000026 r order.2
003e52a8 00000040 r dext.0
003e52e8 00000040 r dbase.1
003e5328 0000003e r lext.2
003e5368 0000003e r lbase.3
003e55e8 00000080 r dotab_stdout
003e5668 00000018 r grayScale
003e5680 00000006 r colorCube
003e5688 00000030 r colorTable
003e56d4 00000008 r morton_y.2
003e56dc 00000008 r morton_x.3
003e56e4 00000008 r s_sleepWakeEvents.4
003e56ec 0000000c r serviceNameTable.5
003e56f8 0000004d r _net_error_code_map
003e5748 R default_font_bin
003e5f48 R default_font_bin_end
003e5f48 00000030 r error_table
003e5f78 00000080 r archive_devoptab
003e5ff8 00000080 r npio2_hw
003e6078 00000108 r two_over_pi
003e6180 00000040 r PIo2
003e61c0 00000010 r init_jk
003e61d0 00000870 R __exp_data
003e6a40 00001048 R __pow_log_data
003e7bdc 00000022 r basefix.0
003e7c60 00000014 r fpinan.0
003e7c74 00000014 r fpi.1
003e7c88 00000028 r tinytens
003e7d9c 00000010 r zeroes.0
003e7dac 00000010 r blanks.1
003e7ea8 00000010 r zeroes.0
003e7eb8 00000010 r blanks.1
003e7ec8 0000006c R __action_table
003e7f34 0000006c R __state_table
003e7fa0 00000100 R __chclass
003e80a0 00000100 R __hexdig
003e81a0 00000030 r _DAYS_BEFORE_MONTH
003e81d0 00000030 r DAYS_IN_MONTH
003e82c4 0000001c r categories
003e8368 00000022 r basefix.0
003e8474 00000010 r zeroes.0
003e8484 00000010 r blanks.1
003e8494 00000101 R _ctype_
003e8644 00000060 R __month_lengths
003e86a4 0000000c r p05.0
003e86b0 00000028 R __mprec_bigtens
003e86d8 000000c8 R __mprec_tens
003e87d8 00000048 r JIS_action_table
003e8820 00000048 r JIS_state_table
003e897c 00000022 r basefix.0
003e89a0 000000fc R _C_time_locale
003e8b88 00000010 r zeroes.0
003e8b98 00000010 r blanks.1
003e8ba8 000037f8 r categories
003ec3a0 00000080 R dotab_stdnull
003ec438 R __tdata_align
003ec43c r __EH_FRAME_BEGIN__
003ec43c R __exidx_start
003ec4cc R __exidx_end
003ed000 00000001 D wipegamestate
003ed002 00000002 D wipetypepre
003ed004 00000002 D wipetypepost
003ed008 00000004 D usehome
003ed00c 00000100 D srb2path
003ed10c 00000004 D pandf
003ed110 00000100 D srb2home
003ed210 00000278 D COLOR_ENUMS
003ed488 00000870 D actionpointers
003edcf8 000000a8 D FLICKYTYPES
003edda0 00000009 D stjrintro
003eddac 00000004 D titlescrollxspeed
003eddb0 00000001 D ttmode
003eddb1 00000001 D ttscale
003eddb2 00000002 D ttloop
003eddb4 00000002 D tttics
003eddb8 00000004 d callplayer
003eddbc 00000004 d callpagenum
003eddc0 00000004 d callpromptnum
003eddc4 00000001 D wipestyleflags
003eddc8 0000001c D wipedefs
003edde4 00000004 D demosynced
003edde8 00000034 D cv_resyncdemo
003ede20 00000034 D cv_deadzone
003ede54 00000034 D cv_deadzone2
003ede88 00000068 D cv_useranalog
003edef0 00000068 D cv_analog
003edf58 00000002 D gamemap
003edf5c 00000040 D timeattackfolder
003edf9c 0000000a d mapname.8
003edfa8 00000034 D cv_turnaxis
003edfdc 00000034 D cv_moveaxis
003ee010 00000034 D cv_lookaxis
003ee044 00000034 D cv_sideaxis
003ee078 00000034 D cv_jumpaxis
003ee0ac 00000034 D cv_spinaxis
003ee0e0 00000034 D cv_fireaxis
003ee114 00000034 D cv_firenaxis
003ee148 00000034 D cv_digitaldeadzone
003ee17c 00000034 D cv_turnaxis2
003ee1b0 00000034 D cv_moveaxis2
003ee1e4 00000034 D cv_lookaxis2
003ee218 00000034 D cv_sideaxis2
003ee24c 00000034 D cv_jumpaxis2
003ee280 00000034 D cv_spinaxis2
003ee2b4 00000034 D cv_fireaxis2
003ee2e8 00000034 D cv_firenaxis2
003ee31c 00000034 D cv_digitaldeadzone2
003ee350 00000068 D cv_directionchar
003ee3b8 00000034 D cv_chasefreelook
003ee3ec 00000034 D cv_alwaysfreelook
003ee420 00000034 D cv_invertmouse
003ee454 00000034 D cv_mousemove
003ee488 00000034 D cv_chasefreelook2
003ee4bc 00000034 D cv_alwaysfreelook2
003ee4f0 00000034 D cv_invertmouse2
003ee524 00000034 D cv_mousemove2
003ee558 00000068 D cv_cam_lockedinput
003ee5c0 00000008 d tta_factor.5
003ee5c8 00000068 D cv_cam_centertoggle
003ee630 00000068 D cv_cam_lockonboss
003ee698 00000068 D cv_cam_turnfacinginput
003ee700 00000068 D cv_cam_turnfacingability
003ee768 00000068 D cv_cam_turnfacingspindash
003ee7d0 00000068 D cv_cam_turnfacing
003ee838 00000034 D cv_instantretry
003ee86c 00000220 D gametypedefaultrules
003eea90 00000220 D Gametype_Names
003eecb0 00000220 D Gametype_ConstantNames
003eeed0 00000498 D TYPEOFLEVEL
003ef368 00000220 D gametypetol
003ef588 00000002 D nextgametype
003ef58c 00000040 D gamedatafilename
003ef5cc 0000000e D startinglivesbalance
003ef5dc 00000004 D lastcustomtol
003ef5e0 00000110 D gametyperankings
003ef6f0 0000000e D rw_maximums
003ef700 00000030 d lockedassist_cons_t
003ef730 00000018 d lockedinput_cons_t
003ef748 00000020 d centertoggle_cons_t
003ef768 00000068 D cv_cam_shiftfacing
003ef7d0 00000018 d zerotoone_cons_t
003ef7e8 00000034 D cv_autobrake2
003ef81c 00000034 D cv_autobrake
003ef850 00000020 d directionchar_cons_t
003ef870 00000034 D cv_crosshair2
003ef8a4 00000034 D cv_crosshair
003ef8d8 00000034 D cv_pauseifunfocused
003ef90c 00000034 D cv_consolechat
003ef940 00000020 d consolechat_cons_t
003ef960 00000034 D cv_chatbacktint
003ef994 00000034 D cv_chatspamburst
003ef9c8 00000034 D cv_chatspamspeed
003ef9fc 00000034 D cv_chatspamprotection
003efa30 00000034 D cv_chatnotifications
003efa64 00000034 D cv_chatheight
003efa98 00000018 d chatheight_cons_t
003efab0 00000034 D cv_chatwidth
003efae4 00000018 d chatwidth_cons_t
003efafc 00000034 D cv_chattime
003efb30 00000018 d chattime_cons_t
003efb48 00000034 D cv_compactscoreboard
003efb7c 00000090 d joyaxis_cons_t
003efc0c 00000028 d crosshair_cons_t
003efc34 00000004 D precache
003efc38 00000001 D useBlackRock
003efc39 00000001 D maxXtraLife
003efc3a 00000001 D ammoremovaltics
003efc3c 00000004 D gameovertics
003efc40 00000002 D nightslinktics
003efc42 00000002 D extralifetics
003efc44 00000002 D spacetimetics
003efc46 00000002 D underwatertics
003efc48 00000002 D tailsflytics
003efc4a 00000002 D flashingtics
003efc4c 00000002 D sneakertics
003efc4e 00000002 D invulntics
003efc50 00000002 D skincolor_bluering
003efc52 00000002 D skincolor_redring
003efc54 00000002 D skincolor_blueteam
003efc56 00000002 D skincolor_redteam
003efc58 00000004 D demoIdleTime
003efc5c 00000004 D demoDelayTime
003efc60 00000002 D emeraldspawndelay
003efc64 00000034 D cv_controlperkey
003efc98 00000034 D cv_mousesens
003efccc 00000034 D cv_mouseysens
003efd00 00000034 D cv_mousesens2
003efd34 00000034 D cv_mouseysens2
003efd68 00000018 d onecontrolperkey_cons_t
003efd80 00000018 d mousesens_cons_t
003efd98 00000004 d followplayer
003efd9c 00000004 d scale_mtof
003efda0 00000004 d am_stopped
003efda4 00000004 d lastlevel.2
003efda8 00000018 D CV_YesNo
003efdc0 00000018 D CV_OnOff
003efdd8 00000018 D CV_TrueFalse
003efdf0 00000034 D cv_execversion
003efe24 00000018 D CV_Natural
003efe3c 00000018 D CV_Unsigned
003efe54 00000034 d cons_height
003efe88 00000034 d cons_hudtime
003efebc 00000034 D cons_backcolor
003efef0 00000001 d promptbgcolor
003efef4 00000034 d cons_hudlines
003eff28 00000034 d cons_speed
003eff5c 00000034 d cons_backpic
003eff90 00000004 d con_forcepic
003eff94 00000056 d completioncmd.8
003effec 000000a0 d backcolor_cons_t
003f008c 00000018 d backpic_cons_t
003f00a4 00000018 d speed_cons_t
003f00bc 00000018 d hudlines_cons_t
003f00d4 00000018 d hudtime_cons_t
003f00ec 00000002 D chatx
003f00ee 00000002 D chaty
003f00f0 00000080 D english_shiftxform
003f0170 00000020 D spam_tokens
003f0190 00000002 d typelines
003f0194 00000004 d cechoduration
003f0198 00000034 D cv_timescale
003f01cc 00000018 d timescale_cons_t
003f01e4 00000004 d tallydonetic
003f01e8 00000004 d endtic
003f01ec 00000060 D bonuses_list
003f024c 000000fc D hudinfo
003f0348 00000004 D st_translucency
003f034c 00000004 d st_stopped
003f0350 00000048 D linkColor
003f0398 00000034 D cv_gif_localcolortable
003f03cc 00000034 D cv_gif_dynamicdelay
003f0400 00000034 D cv_gif_downscale
003f0434 00000034 D cv_gif_optimize
003f0468 00000020 D gif_dynamicdelay_cons_t
003f0488 00000011 d cheat_ultimate
003f049c 00000012 d cheat_ultimate_joy
003f04b0 00000011 d cheat_warp
003f04c4 00000012 d cheat_warp_joy
003f04d8 00000034 D cv_speed
003f050c 00000034 D cv_opflags
003f0540 00000034 D cv_mapthingnum
003f0574 00000034 D cv_ophoopflags
003f05a8 00000018 d op_hoopflags_t
003f05c0 00000018 d op_flags_t
003f05d8 00000018 d op_speed_t
003f05f0 00000018 d op_mapthing_t
003f0608 00000004 d map.3
003f060c 00000004 d i.2
003f0610 00000004 D currentMenu
003f0614 00000010 D PlaystyleNames
003f0624 00000010 D PlaystyleDesc
003f0634 00000002 d itemOn
003f0638 00000024 D OP_JoystickSetDef
003f065c 00000002 d skullAnimCounter
003f0660 00000034 D cv_nextmap
003f0694 00000004 d saveSlotSelected
003f0698 00000034 d cv_dummyrings
003f06cc 00000034 d cv_dummylives
003f0700 00000034 d cv_dummycontinues
003f0734 00000024 D OP_VideoModeDef
003f0758 00000004 d st_scroll.10
003f075c 00000002 D char_on
003f0760 00000034 D cv_chooseskin
003f0794 00000034 D cv_serversort
003f07c8 00000004 D hintpage
003f07cc 00000034 d cv_dummymares
003f0800 0000000c D QuitScreenMessages
003f080c 00000034 D cv_newgametype
003f0840 00000024 D OP_Camera2OptionsDef
003f0864 00000024 D OP_CameraOptionsDef
003f0888 00000024 D MP_PlayerSetupDef
003f08ac 00000050 d MP_PlayerSetupMenu
003f08fc 00000024 D OP_P1ControlsDef
003f0920 000001b8 d OP_CameraExtendedOptionsMenu
003f0ad8 000000f0 d OP_CameraOptionsMenu
003f0bc8 000001b8 d OP_Camera2ExtendedOptionsMenu
003f0d80 000000f0 d OP_Camera2OptionsMenu
003f0e70 00000024 D MP_ServerDef
003f0e94 0000008c d MP_ServerMenu
003f0f20 0000012c d MP_ConnectMenu
003f104c 00000004 d frame.9
003f1050 00000078 d MainMenu
003f10c8 00000024 D MainDef
003f10ec 00000024 D MAPauseDef
003f1110 00000050 d MAPauseMenu
003f1160 000000a0 d SPauseMenu
003f1200 00000024 D SPauseDef
003f1224 00000118 d MPauseMenu
003f133c 00000024 D MPauseDef
003f1360 00000024 D MISC_HelpDef
003f1384 00000024 d SP_NightsAttackDef
003f13a8 0000008c d SP_NightsAttackMenu
003f1434 00000064 d SP_NightsReplayMenu
003f1498 00000064 d SP_NightsGuestReplayMenu
003f14fc 00000024 d SP_TimeAttackDef
003f1520 00000078 d SP_TimeAttackMenu
003f1598 00000078 d SP_ReplayMenu
003f1610 00000078 d SP_GuestReplayMenu
003f1688 00000800 d skins_cons_t
003f1e88 000001a4 d OP_ScreenshotOptionsMenu
003f202c 000000a0 d OP_AddonsOptionsMenu
003f20cc 00000034 D cv_dummymarathon
003f2100 00000024 D MessageDef
003f2124 00000034 D cv_showfocuslost
003f2158 00000024 d SP_MarathonDef
003f217c 00000024 D SP_PlayerDef
003f21a0 00000024 D SP_LoadDef
003f21c4 00000034 D cv_dummycutscenes
003f21f8 00000034 D cv_dummyloadless
003f222c 00000034 d cv_autorecord
003f2260 00000034 d cv_dummyscramble
003f2294 00000024 D MP_SplitServerDef
003f22b8 0000008c d OP_MainMenu
003f2344 0000003c d OP_DataOptionsMenu
003f2380 00000024 D OP_MainDef
003f23a4 00000024 D OP_ScreenshotOptionsDef
003f23c8 00000024 D OP_AddonsOptionsDef
003f23ec 00000320 d OP_ServerOptionsMenu
003f270c 00000024 D OP_ServerOptionsDef
003f2730 000002a8 d OP_VideoOptionsMenu
003f29d8 00000024 D OP_VideoOptionsDef
003f29fc 0000003c d SR_EmblemHintMenu
003f2a38 00000024 D SR_EmblemHintDef
003f2a5c 00000024 D SP_NightsAttackLevelSelectDef
003f2a80 00000024 D SP_TimeAttackLevelSelectDef
003f2aa4 000000c8 d SR_PandorasBox
003f2b6c 00000024 D SR_PandoraDef
003f2b90 00000024 D SP_LevelStatsDef
003f2bb4 00000024 D OP_PlaystyleDef
003f2bd8 000003fc d OP_ChangeControlsMenu
003f2fd4 00000024 D OP_ChangeControlsDef
003f2ff8 00000024 D OP_P2ControlsDef
003f301c 00000654 d SR_MainMenu
003f3670 00000024 D SR_MainDef
003f3694 00000078 d SP_MainMenu
003f370c 00000024 D SP_MainDef
003f3730 00000024 D MISC_ChangeLevelDef
003f3754 00000024 D SP_PauseLevelSelectDef
003f3778 00000024 D SP_LevelSelectDef
003f37a0 00000168 D MP_RoomMenu
003f3908 00000024 D MP_RoomDef
003f392c 00000024 D MP_MainDef
003f3950 00000024 D MP_ConnectDef
003f3974 00000034 d cv_dummyteam
003f39a8 00000024 D SR_LevelSelectDef
003f39cc 00000024 d SP_ReplayDef
003f39f0 00000024 d SP_NightsReplayDef
003f3a14 00000024 d SP_NightsGuestReplayDef
003f3a38 00000024 D MISC_AddonsDef
003f3a5c 00000034 D cv_tutorialprompt
003f3a90 00000064 d SP_MarathonMenu
003f3af4 00000024 D SR_SoundTestDef
003f3b18 00000024 D OP_SoundOptionsDef
003f3b3c 00000024 D OP_Joystick1Def
003f3b60 00000024 D OP_Joystick2Def
003f3b84 00000014 d OP_PlaystyleMenu
003f3b98 00000104 d OP_MonitorToggleMenu
003f3c9c 0000003c d OP_EraseDataMenu
003f3cd8 00000050 d OP_SoundAdvancedMenu
003f3d28 00000104 d OP_SoundOptionsMenu
003f3e2c 0000026c d OP_ColorOptionsMenu
003f4098 00000014 d OP_VideoModeMenu
003f40ac 000000a0 d OP_Mouse2OptionsMenu
003f414c 0000008c d OP_MouseOptionsMenu
003f41d8 00000104 d OP_Joystick2Menu
003f42dc 00000104 d OP_Joystick1Menu
003f43e0 00000078 d OP_P2ControlsMenu
003f4458 00000078 d OP_P1ControlsMenu
003f44d0 000000b4 d MP_MainMenu
003f4584 0000003c d MP_SplitServerMenu
003f45c0 00000014 d SP_PlayerMenu
003f45d4 00000014 d SP_LevelStatsMenu
003f45e8 00000014 d SP_NightsAttackLevelSelectMenu
003f45fc 00000064 d SP_NightsGhostMenu
003f4660 00000078 d SP_GhostMenu
003f46d8 00000014 d SP_TimeAttackLevelSelectMenu
003f46ec 00000014 d SP_LevelSelectMenu
003f4700 00000014 d SP_LoadGameMenu
003f4714 00000014 d SR_SoundTestMenu
003f4728 00000014 d SR_UnlockChecklistMenu
003f473c 00000014 d SR_LevelSelectMenu
003f4750 00000064 d MISC_HelpMenu
003f47b4 00000014 d MISC_ChangeLevelMenu
003f47c8 0000eb58 D gametypedesc
00403320 00000028 d MISC_ChangeTeamMenu
00403348 00000028 d MISC_ScrambleTeamMenu
00403370 00000014 d MISC_AddonsMenu
00403384 00000018 D loadless_cons_t
0040339c 00000020 D marathon_cons_t
004033bc 00000058 d dummymares_cons_t
00403414 00000018 d contlimit_cons_t
0040342c 00000020 d liveslimit_cons_t
0040344c 00000018 d ringlimit_cons_t
00403464 00000018 d dummyscramble_cons_t
0040347c 00000020 d dummyteam_cons_t
0040349c 00000034 D cv_ghost_guest
004034d0 00000034 D cv_ghost_last
00403504 00000034 D cv_ghost_bestrings
00403538 00000034 D cv_ghost_besttime
0040356c 00000034 D cv_ghost_bestscore
004035a0 00000018 D ghost2_cons_t
004035b8 00000020 D ghost_cons_t
004035d8 00000038 d serversort_cons_t
00403610 00000018 d map_cons_t
00403628 00000024 D OP_MonitorToggleDef
0040364c 00000024 D OP_EraseDataDef
00403670 00000024 D OP_DataOptionsDef
00403694 00000024 D OP_SoundAdvancedDef
004036b8 00000024 D OP_ColorOptionsDef
004036dc 00000024 D OP_Mouse2OptionsDef
00403700 00000024 D OP_MouseOptionsDef
00403724 00000024 d SP_NightsGhostDef
00403748 00000024 d SP_GhostDef
0040376c 00000024 d SP_GuestReplayDef
00403790 00000024 D MISC_ChangeTeamDef
004037b4 00000024 D MISC_ScrambleTeamDef
004037d8 00000024 D SR_UnlockChecklistDef
004037fc 00000034 D cv_zlib_level
00403830 00000034 D cv_zlib_memory
00403864 00000034 D cv_zlib_strategy
00403898 00000034 D cv_zlib_window_bits
004038cc 00000034 D cv_apng_downscale
00403900 00000034 D cv_apng_delay
00403934 00000034 D cv_zlib_window_bitsa
00403968 00000034 D cv_zlib_strategya
0040399c 00000034 D cv_zlib_levela
004039d0 00000034 D cv_zlib_memorya
00403a04 00000028 d apng_delay_t
00403a2c 00000040 d zlib_window_bits_t
00403a6c 00000030 d zlib_strategy_t
00403a9c 00000058 d zlib_level_t
00403af4 00000050 d zlib_mem_level_t
00403b44 00000034 D cv_movie_folder
00403b78 00000034 D cv_movie_option
00403bac 00000034 D cv_moviemode
00403be0 00000020 d moviemode_cons_t
00403c00 00000034 D cv_screenshot_colorprofile
00403c34 00000034 D cv_screenshot_folder
00403c68 00000034 D cv_screenshot_option
00403c9c 00000028 d screenshot_cons_t
00403cc4 00000004 D prethinkframe_hooks_capacity
00403cc8 00000004 D thinkframe_hooks_capacity
00403ccc 00000004 D postthinkframe_hooks_capacity
00403cd0 00000020 D gamelogicbrief_row
00403cf0 000000d0 D gamelogic_rows
00403dc0 000000b0 D thinkercount_rows
00403e70 00000030 D misc_calls_rows
00403ea0 000000b0 D rendertime_rows
00403f50 00000050 D commoncounter_rows
00403fa0 00000030 D interpolation_rows
00403fd0 00000010 d m_randomstate
00403fe0 00000004 d randomseed
00403fe4 00000004 d initialseed
00403fe8 00011508 D skincolors
004154f0 0001f3f0 D mobjinfo
004348e0 0004a248 D states
0047eb28 00000802 D spr2defaults
0047f32a 00000002 D free_spr2
0047f32c 00010441 D spr2names
0048f770 00016a12 D sprnames
004a6184 00000004 d lastleveltime.2
004a6188 00000034 D cv_itemrespawn
004a61bc 00000034 D cv_itemrespawntime
004a61f0 00000034 D cv_flagtime
004a6224 00000018 d flagtime_cons_t
004a623c 00000018 d respawnitemtime_cons_t
004a6254 00000034 D cv_movebob
004a6288 00000018 d CV_BobSpeed
004a62a0 00000004 d pomovecount.0
004a62a4 00000014 D textmap_colormap
004a62b8 00000034 D cv_cam_rotate
004a62ec 00000034 D cv_cam2_rotate
004a6320 000000d0 D cv_cam_savedist
004a63f0 00000034 D cv_cam_dist
004a6424 000000d0 D cv_cam_saveheight
004a64f4 00000034 D cv_cam_height
004a6528 00000034 D cv_cam2_dist
004a655c 00000034 D cv_cam2_height
004a6590 00000090 D jingleinfo
004a6620 00000034 D cv_cam_speed
004a6654 00000034 D cv_cam_still
004a6688 00000034 D cv_cam_orbit
004a66bc 00000034 D cv_cam2_speed
004a66f0 00000034 D cv_cam2_still
004a6724 00000034 D cv_cam2_orbit
004a6758 00000004 D t_cam_rotate
004a675c 00000004 D t_cam2_rotate
004a6760 00000034 D cv_cam_rotspeed
004a6794 00000034 D cv_cam2_rotspeed
004a67c8 00000034 D cv_cam_adjust
004a67fc 00000034 D cv_cam2_adjust
004a6830 00000004 D t_cam2_height
004a6834 00000004 D t_cam2_dist
004a6838 00000004 D t_cam_height
004a683c 00000004 D t_cam_dist
004a6840 00000034 D cv_cam2_turnmultiplier
004a6874 00000034 D cv_cam_turnmultiplier
004a68a8 00000018 d campos_cons_t
004a68c0 00000018 d multiplier_cons_t
004a68d8 00000018 d CV_CamRotate
004a68f0 00000018 d rotation_cons_t
004a6908 00000018 d CV_CamSpeed
004a6920 00000004 D finecosine
004a6924 00002004 D tantoangle
004a8928 0000a000 D finesine
004b2928 00004000 D finetangent
004b6928 000000c0 D checkcoord
004b69e8 00000008 D ASTTextureBlendingThreshold
004b69f0 00000034 D cv_fpscap
004b6a24 00000004 D newview
004b6a28 00000004 d oldview
004b6a2c 00000028 d fpscap_cons_t
004b6a54 00000518 d viewmorph
004b6f6c 00000034 D cv_chasecam
004b6fa0 00000034 D cv_chasecam2
004b6fd4 00000034 D cv_showhud
004b7008 00000034 D cv_fov
004b703c 00000034 D cv_homremoval
004b7070 00000004 D validcount
004b7074 00000034 D cv_skybox
004b70a8 00000034 D cv_translucency
004b70dc 00000034 D cv_drawdist
004b7110 00000034 D cv_drawdist_nights
004b7144 00000034 D cv_drawdist_precip
004b7178 00000034 D cv_fovchange
004b71ac 00000034 D cv_shadow
004b71e0 00000034 D cv_renderview
004b7214 00000034 D cv_renderwalls
004b7248 00000034 D cv_renderfloors
004b727c 00000034 D cv_renderthings
004b72b0 00000034 D cv_ffloorclip
004b72e4 00000034 D cv_spriteclip
004b7318 00000034 D cv_translucenthud
004b734c 00000034 D cv_maxportals
004b7380 00000034 D cv_renderstats
004b73b4 00000034 D cv_allowmlook
004b73e8 00000034 D cv_flipcam2
004b741c 00000034 D cv_flipcam
004b7450 00000034 D cv_tailspickup
004b7484 00000020 d homremoval_cons_t
004b74a4 00000018 d maxportals_cons_t
004b74bc 00000018 d translucenthud_cons_t
004b74d4 00000018 d fov_cons_t
004b74ec 00000040 d drawdist_precip_cons_t
004b752c 00000060 d drawdist_cons_t
004b758c 00000004 d freehead
004b7590 00000002 d old_spr2
004b7594 00000034 D cv_renderhitbox
004b75c8 00000034 D cv_renderhitboxgldepth
004b75fc 00000034 D cv_renderhitboxinterpolation
004b7630 00000030 d renderhitbox_cons_t
004b7660 00000004 d redwall.0
004b7664 00000005 d grAb_chunk
004b7670 00000034 D cv_renderer
004b76a4 00000034 D cv_scr_height
004b76d8 00000034 D cv_scr_width
004b770c 00000034 D cv_scr_height_w
004b7740 00000034 D cv_scr_width_w
004b7774 00000034 D cv_scr_depth
004b77a8 00000034 D cv_fullscreen
004b77e0 00000008 d antisplice.0
004b77e8 00000010 D cv_renderer_t
004b77f8 00000028 d scr_depth_cons_t
004b7820 00000034 D cv_globalgamma
004b7854 00000034 D cv_rhue
004b7888 00000034 D cv_yhue
004b78bc 00000034 D cv_ghue
004b78f0 00000034 D cv_chue
004b7924 00000034 D cv_bhue
004b7958 00000034 D cv_mhue
004b798c 00000034 D cv_rgamma
004b79c0 00000034 D cv_ygamma
004b79f4 00000034 D cv_ggamma
004b7a28 00000034 D cv_cgamma
004b7a5c 00000034 D cv_bgamma
004b7a90 00000034 D cv_mgamma
004b7ac4 00000034 D cv_rsaturation
004b7af8 00000034 D cv_ysaturation
004b7b2c 00000034 D cv_gsaturation
004b7b60 00000034 D cv_csaturation
004b7b94 00000034 D cv_bsaturation
004b7bc8 00000034 D cv_msaturation
004b7bfc 00000034 D cv_globalsaturation
004b7c30 00000034 D cv_constextsize
004b7c64 00000028 d constextsize_cons_t
004b7c8c 00000018 d hue_cons_t
004b7ca4 00000018 d saturation_cons_t
004b7cbc 00000018 d gamma_cons_t
004b7cd4 00000034 D cv_ticrate
004b7d08 00000020 d ticrate_cons_t
004b7d28 00000034 D cv_closedcaptioning
004b7d5c 00000034 D cv_musicpref
004b7d90 00000034 D stereoreverse
004b7dc4 00000034 d precachesound
004b7df8 00000034 d surround
004b7e2c 00000034 D cv_samplerate
004b7e60 00000034 D cv_resetmusic
004b7e94 00000034 D cv_resetmusicbyheader
004b7ec8 00000034 D cv_1upsound
004b7efc 00000034 D cv_playsoundsifunfocused
004b7f30 00000034 D cv_playmusicifunfocused
004b7f64 00000034 D cv_gamesounds
004b7f98 00000034 D cv_gamedigimusic
004b7fcc 00000034 D cv_gamemidimusic
004b8000 00000034 D cv_numChannels
004b8034 00000034 D cv_soundvolume
004b8068 00000004 D musicdefstart
004b806c 00000001 D soundtestpage
004b8070 00000034 D cv_digmusicvolume
004b80a4 00000034 D cv_midimusicvolume
004b80d8 00000180 D soundtestsfx
004b8258 00000018 d cons_musicpref_t
004b8270 00000018 d cons_1upsound_t
004b8288 00000018 D soundvolume_cons_t
004b82a0 00000002 D sfxfree
004b82a8 00058500 D S_sfx
005107a8 00000048 d folderblacklist
005107f0 00000034 D cv_addons_search_case
00510824 00000034 D cv_addons_search_type
00510858 00000004 D menudepthleft
0051085c 00000034 D cv_addons_showall
00510890 0000002a D exttable
005108bc 00000034 D cv_addons_md5
005108f0 00000018 d addons_search_type_cons_t
00510908 00000018 d addons_md5_cons_t
00510920 00000034 D cv_addons_folder
00510954 00000034 D cv_addons_option
00510988 00000028 d addons_cons_t
005109b0 00000002 d nextid.0
005109b4 00000868 d lib
0051121c 00000128 d lib_math
00511344 000000b8 d lib_ease
005113fc 00000004 d cvar_fields_ref
00511400 00000050 d lib
00511450 00000004 d mobjinfo_fields_ref
00511454 00000004 d mapthing_fields_ref
00511458 00000004 d mobj_fields_ref
0051145c 00000004 d ticcmd_fields_ref
00511460 00000004 d player_fields_ref
00511464 00000004 d skin_fields_ref
00511468 00000004 d mapheaderinfo_fields_ref
0051146c 00000004 d slope_fields_ref
00511470 00000004 d vertex_fields_ref
00511474 00000004 d subsector_fields_ref
00511478 00000004 d ffloor_fields_ref
0051147c 00000004 d side_fields_ref
00511480 00000004 d line_fields_ref
00511484 00000004 d sector_fields_ref
00511488 00000030 d taglist_lib
005114b8 00000004 d camera_fields_ref
005114bc 00000004 d patch_fields_ref
005114c0 00000128 d lib_draw
005115e8 00000028 d lib_hud
00511610 00000004 D mousegrabbedbylua
00511614 00000070 d lib
00511684 00000050 d color_lib
005116d4 00000004 D server
005116d8 00000002 D pingmeasurecount
005116dc 00000034 D cv_idletime
00511710 00000034 D cv_idleaction
00511744 00000004 D servermaxping
00511748 00000034 D cv_dedicatedidletime
0051177c 00000034 D cv_netticbuffer
005117b0 00000034 D cv_httpsource
005117e4 00000018 d idleaction_cons_t
005117fc 00000034 D cv_playbackspeed
00511830 00000018 d playbackspeed_cons_t
00511848 00000034 D cv_blamecfail
0051187c 00000034 D cv_resynchattempts
005118b0 00000020 d resynchattempts_cons_t
005118d0 00000018 d netticbuffer_cons_t
005118e8 00000004 D acceptnewnode
005118ec 00000034 D cv_allownewplayer
00511920 00000034 D cv_maxplayers
00511954 00000034 D cv_joindelay
00511988 00000034 D cv_rejointimeout
005119bc 00000020 d rejointimeout_cons_t
005119dc 00000020 d joindelay_cons_t
005119fc 00000018 d maxplayers_cons_t
00511a14 00000034 D cv_showjoinaddress
00511a48 00000004 D jointimeout
00511a4c 00000004 D connectiontimeout
00511a50 00000034 D cv_nettimeout
00511a84 00000034 D cv_jointimeout
00511ab8 00000034 D cv_autobalance
00511aec 00000034 D cv_gravity
00511b20 00000034 D cv_timelimit
00511b54 00000034 D cv_pointlimit
00511b88 00000034 D cv_pause
00511bbc 00000034 D cv_allowteamchange
00511bf0 00000034 D cv_numlaps
00511c24 00000034 D cv_basenumlaps
00511c58 00000002 D gametypecount
00511c5c 00000034 D cv_itemfinder
00511c90 00000034 D cv_ringslinger
00511cc4 00000034 D cv_soundtest
00511cf8 00000034 D cv_hidetime
00511d2c 00000034 D cv_coopstarposts
00511d60 00000034 D cv_cooplives
00511d94 00000034 D cv_exitmove
00511dc8 00000034 d cv_dummyconsvar
00511dfc 00000034 D cv_teamscramble
00511e30 00000034 D cv_scrambleonchange
00511e64 00000034 D cv_mute
00511e98 00000034 D cv_glallowshaders
00511ecc 00000034 D cv_friendlyfire
00511f00 00000034 D cv_hazardlog
00511f34 00000034 D cv_touchtag
00511f68 00000034 D cv_inttime
00511f9c 00000034 D cv_advancemap
00511fd0 00000034 D cv_playersforexit
00512004 00000034 D cv_forceskin
00512038 00000034 D cv_downloading
0051206c 00000034 D cv_specialrings
005120a0 00000034 D cv_powerstones
005120d4 00000034 D cv_competitionboxes
00512108 00000034 D cv_matchboxes
0051213c 00000034 D cv_recycler
00512170 00000034 D cv_teleporters
005121a4 00000034 D cv_superring
005121d8 00000034 D cv_supersneakers
0051220c 00000034 D cv_invincibility
00512240 00000034 D cv_jumpshield
00512274 00000034 D cv_watershield
005122a8 00000034 D cv_ringshield
005122dc 00000034 D cv_forceshield
00512310 00000034 D cv_bombshield
00512344 00000034 D cv_1up
00512378 00000034 D cv_eggmanbox
005123ac 00000034 D cv_startinglives
005123e0 00000034 D cv_countdowntime
00512414 00000034 D cv_runscripts
00512448 00000034 D cv_overtime
0051247c 00000034 D cv_allowexitlevel
005124b0 00000034 D cv_restrictskinchange
005124e4 00000034 D cv_respawntime
00512518 00000034 D cv_killingdead
0051254c 00000034 D cv_skipmapcheck
00512580 00000034 D cv_sleep
005125b4 00000034 D cv_maxping
005125e8 00000034 D cv_pingtimeout
0051261c 00000034 D cv_showping
00512650 00000034 D cv_allowseenames
00512684 00000034 D cv_playername
005126b8 00000034 D cv_playercolor
005126ec 00000034 D cv_skin
00512720 00000034 D cv_playername2
00512754 00000034 D cv_playercolor2
00512788 00000034 D cv_skin2
005127bc 00000034 D cv_defaultplayercolor
005127f0 00000034 D cv_defaultskin
00512824 00000034 D cv_defaultplayercolor2
00512858 00000034 D cv_defaultskin2
0051288c 00000034 D cv_seenames
005128c0 00000034 D cv_rollingdemos
005128f4 00000034 D cv_netstat
00512928 00000034 D cv_timetic
0051295c 00000034 D cv_powerupdisplay
00512990 00000034 D cv_showinput
005129c4 00000034 D cv_showinputjoy
005129f8 00000034 D cv_mouse2port
00512a2c 00000034 D cv_usemouse
00512a60 00000034 D cv_usemouse2
00512a94 00000034 D cv_usejoystick
00512ac8 00000034 D cv_usejoystick2
00512afc 00000034 D cv_joyscale
00512b30 00000034 D cv_joyscale2
00512b64 00000034 D cv_perfstats
00512b98 00000034 D cv_ps_samplesize
00512bcc 00000034 D cv_ps_descriptor
00512c00 00000034 D cv_freedemocamera
00512c34 00000002 D lastgoodcolor2
00512c36 00000002 D lastgoodcolor
00512c38 00000004 d buf_p.1
00512c3c 00000064 D netxcmdnames
00512ca0 00000028 d ps_descriptor_cons_t
00512cc8 00000018 d ps_samplesize_cons_t
00512ce0 00000038 d perfstats_cons_t
00512d18 00000030 d playersforexit_cons_t
00512d48 00000020 d advancemap_cons_t
00512d68 00000028 d cooplives_cons_t
00512d90 00000020 d coopstarposts_cons_t
00512db0 00000018 d inttime_cons_t
00512dc8 00000020 d showping_cons_t
00512de8 00000018 d pingtimeout_cons_t
00512e00 00000018 d jointimeout_cons_t
00512e18 00000018 d nettimeout_cons_t
00512e30 00000020 d basenumlaps_cons_t
00512e50 00000018 d numlaps_cons_t
00512e68 00000020 d timelimit_cons_t
00512e88 00000020 d pointlimit_cons_t
00512ea8 00000020 d powerupdisplay_cons_t
00512ec8 00000028 d timetic_cons_t
00512ef0 00000018 d minitimelimit_cons_t
00512f08 00000028 d seenames_cons_t
00512f30 00000020 d respawntime_cons_t
00512f50 00000018 d pause_cons_t
00512f68 00000018 d chances_cons_t
00512f80 00000028 d matchboxes_cons_t
00512fa8 00000020 d competitionboxes_cons_t
00512fc8 00000018 d sleeping_cons_t
00512fe0 00000018 d startingliveslimit_cons_t
00512ff8 00000020 d teamscramble_cons_t
00513018 00000028 d mouse2port_cons_t
00513040 00000020 d usemouse_cons_t
00513060 00000034 D cv_noticedownload
00513094 00000034 D cv_maxsend
005130c8 00000110 D luafiledir
005131d8 00000034 D cv_downloadspeed
0051320c 00000200 D downloaddir
0051340c 00000018 d downloadspeed_cons_t
00513424 00000018 d maxsend_cons_t
0051343c 00000034 D cv_masterserver_token
00513470 00000034 D cv_masterserver_debug
005134a4 00000034 D cv_masterserver_timeout
005134d8 00000200 d mysockets
005136d8 00000200 d nodesocket
005138d8 00000004 d serverport_name
005138dc 00000034 D cv_masterserver_room_id
00513910 00000002 d ms_RoomId
00513914 00000034 D cv_masterserver
00513948 00000034 D cv_masterserver_update_rate
0051397c 00000034 D cv_servername
005139b0 00000018 D cv_masterserver_room_values
005139c8 00000018 d masterserver_update_rate_cons_t
005139e0 00000024 d a.0
00513a04 00000004 D __stacksize__
00513a08 00000001 D chosenrendermode
00513a09 00000001 D rendermode
00513a0c 00000034 D cv_vidwait
00513a40 00000004 D comptime
00513a44 00000004 D compdate
00513a48 00000004 D comptype
00513a4c 00000004 D compnote
00513a50 00000004 D comprevision
00513a54 00000004 D compbranch
00513a58 00000001 d firstConsoleInit.0
00513a5c 00000004 D currentConsole
00513a60 00000048 D defaultConsole
00513aa8 00000004 d aptChainloadDeliverArgSize
00513aac 00000004 d kCount
00513ab0 00000004 d kInterval
00513ab4 00000004 d kDelay
00513ab8 00000004 D _impure_ptr
00513ac0 00000200 D _impure_data
00513cc0 00000254 D __global_locale
00513f14 00000020 D __default_locale
00513f34 00000004 D __malloc_sbrk_base
00513f38 00000004 D __malloc_trim_threshold
00513f40 00000408 D __malloc_av_
00514348 0000000c D __sglue
00514358 00000058 d tzinfo
005143b0 00000008 D _tzname
005143b8 00000004 D environ
005143bc 00000400 d _current_working_directory
005147c0 00001000 d handles
005157c0 0000000c d __stderr_handle
005157cc 0000000c d __stdout_handle
005157d8 0000000c d __stdin_handle
005157e4 0000008c D devoptab_list
00515870 00000004 d defaultDevice
0051587c d _GLOBAL_OFFSET_TABLE_
00515888 d __frame_dummy_init_array_entry
00515888 D __init_array_start
00515888 B __preinit_array_end
00515888 B __preinit_array_start
00515888 D __tdata_lma
00515888 D __tdata_lma_end
0051588c d __do_global_dtors_aux_fini_array_entry
0051588c D __fini_array_start
0051588c D __init_array_end
00515890 D __bss_start__
00515890 D __fini_array_end
00515890 00000004 b saveline.0
00515894 00000004 B eventhead
00515898 00000a00 B events
00516298 00000004 B eventtail
0051629c 00000004 B dedicated
005162a0 00000004 b gstartuplumpnum.3
005162a4 00000004 B debugload
005162a8 00000004 B singletics
005162ac 00000004 B lastdraw
005162b0 00000004 B rendergametic
005162b4 00000004 b wipe.2
005162b8 00000001 B postimgtype
005162bc 00000004 B postimgparam
005162c0 00000001 B postimgtype2
005162c4 00000004 B postimgparam2
005162c8 00000004 B advancedemo
005162cc 00000004 B SUBVERSION
005162d0 00000004 B VERSION
005162d4 00000008 b startupwadfiles
005162dc 00000004 B devparm
005162e0 00000100 B savegamename
005163e0 00000100 B liveeventbackup
005164e0 00000200 b addonsdir
005166e0 00000008 b startuppwads
005166e8 00000004 B sound_disabled
005166ec 00000004 B digital_disabled
005166f0 00000004 B midi_disabled
005166f4 00000004 B capslock
005166f8 00000001 B altdown
005166f9 00000001 B ctrldown
005166fa 00000001 B shiftdown
005166fc 00000004 B menucolortail
00516700 00000004 B menucolorhead
00516704 00000002 B numskincolors
00516706 00000001 B window_notinfocus
00516708 00000004 b dbg_line
0051670c 00000004 b deh_num_warning
00516710 00000004 B deh_loaded
00516714 00000004 B bootmapchanged
00516718 00000004 B introchanged
0051671c 00000004 B titlechanged
00516720 00000004 B gamedataadded
00516724 00000001 B luaactionstack
00516728 00000078 B luaactions
005167a0 00000080 B used_spr
00516820 00001000 B FREE_SKINCOLORS
00517820 00001000 B FREE_MOBJS
00518820 00008000 B FREE_STATES
00520820 0000001c b head
00520840 00000001 b cutscene_boostspeed
00520844 00000004 b cutscene_textcount
00520848 00000004 b cutscene_textspeed
0052084c 00000004 b cutscene_baseptr
00520850 00000004 b cutscene_writeptr
00520854 00000004 b cutscene_basetext
00520858 00000400 b cutscene_disptext
00520c58 00000004 b cutnum
00520c5c 00000004 b scenenum
00520c60 00000018 B ttloaded
00520c78 000002d0 b ttembl
00520f48 000002d0 b ttribb
00521218 000002d0 b ttsont
005214e8 000002d0 b ttrobo
005217b8 000002d0 b tttwot
00521a88 000002d0 b ttrbtx
00521d58 000002d0 b ttsoib
00522028 000002d0 b ttsoif
005222f8 000002d0 b ttsoba
005225c8 000002d0 b ttsobk
00522898 000002d0 b ttsodh
00522b68 000002d0 b tttaib
00522e38 000002d0 b tttaif
00523108 000002d0 b tttaba
005233d8 000002d0 b tttabk
005236a8 000002d0 b tttabt
00523978 000002d0 b tttaft
00523c48 000002d0 b ttknib
00523f18 000002d0 b ttknif
005241e8 000002d0 b ttknba
005244b8 000002d0 b ttknbk
00524788 000002d0 b ttkndh
00524a58 00000008 b luahuddrawlist_continue
00524a60 00000008 b contPlayers
00524a68 00000008 b contskins
00524a70 00000018 b cont_spr2
00524a88 00000004 b contColors
00524a8c 00000004 b continuetime
00524a90 00000004 b timetonext
00524a94 00000008 b contOverrides
00524a9c 00000008 b contcolormaps
00524aa4 00000004 B curbgxspeed
00524aa8 00000004 B curbgyspeed
00524aac 00000004 b curbgx
00524ab0 00000004 b curbgy
00524ab4 00000004 b promptpagetext
00524ab8 00000004 b cutsceneover
00524abc 00000004 b runningprecutscene
00524ac0 00000004 b precutresetplayer
00524ac4 00000004 b precutFLS
00524ac8 00000004 b picnum
00524acc 00000004 b picxpos
00524ad0 00000004 b picypos
00524ad4 00000004 b textxpos
00524ad8 00000004 b textypos
00524adc 00000004 b keypressed
00524ae0 00000004 B finalecount
00524ae4 00000004 b animtimer
00524ae8 00000004 b stoptimer
00524af0 00000044 B introtext
00524b34 00000004 B intro_scenenum
00524b38 00000002 b skullAnimCounter
00524b3c 00000004 B intro_curtime
00524b40 00000004 b deplete
00524b44 00000004 b credits_height
00524b48 00000004 b goodending
00524b4c 00000004 b sparklloop
00524b50 00000018 b sparkloffs
00524b68 00000008 b endbrdr
00524b70 00000008 b endegrk
00524b78 00000008 b endglow
00524b80 0000000c b endbgsp
00524b8c 0000000c b endspkl
00524b98 00000010 b endxpld
00524ba8 00000014 b endescp
00524bbc 0000000c b endfwrk
00524bc8 00000009 B curbgname
00524bd1 00000001 B curfadevalue
00524bd4 00000004 B curbgcolor
00524bd8 00000004 B titlescrollyspeed
00524bdc 00000004 B curbghide
00524be0 00000004 B curhidepics
00524be4 00000001 B curttmode
00524be5 00000001 B curttscale
00524be8 00000009 B ttname
00524bf4 00000009 B curttname
00524bfe 00000002 B curttx
00524c00 00000002 B ttx
00524c02 00000002 B curtty
00524c04 00000002 B tty
00524c06 00000002 B curttloop
00524c08 00000002 B curtttics
00524c0c 00000004 b luahuddrawlist_title
00524c10 00000004 b knux_idle_end
00524c14 00000004 b knux_idle_start
00524c18 00000004 b knux_blink_twice
00524c1c 00000004 b knux_blink
00524c20 00000004 b tails_idle_end
00524c24 00000004 b tails_idle_start
00524c28 00000004 b tails_blink_twice
00524c2c 00000004 b tails_blink
00524c30 00000004 b sonic_idle_end
00524c34 00000004 b sonic_idle_start
00524c38 00000004 b sonic_blink_twice
00524c3c 00000004 b sonic_blink
00524c40 00000001 b activettscale
00524c41 00000001 b testttscale
00524c44 00000004 b ttuser_count
00524c48 00000004 b knux_blinked_already
00524c4c 00000004 b tails_blinked_already
00524c50 00000004 b sonic_blinked_already
00524c54 00000001 B titlemapinaction
00524c58 00000004 B titlemapcameraref
00524c5c 00000004 b demoDelayLeft
00524c60 00000004 b demoIdleLeft
00524c64 00000004 b ttbanner
00524c68 00000004 b ttwing
00524c6c 00000004 b ttsonic
00524c70 00000004 b ttswave1
00524c74 00000004 b ttswave2
00524c78 00000004 b ttswip1
00524c7c 00000004 b ttsprep1
00524c80 00000004 b ttsprep2
00524c84 00000004 b ttspop1
00524c88 00000004 b ttspop2
00524c8c 00000004 b ttspop3
00524c90 00000004 b ttspop4
00524c94 00000004 b ttspop5
00524c98 00000004 b ttspop6
00524c9c 00000004 b ttspop7
00524ca0 00000190 b ttuser
00524e30 00000018 B ttavailable
00524e48 00000001 b curDemo
00524e4c 00000004 B promptactive
00524e50 00000004 b promptmo
00524e54 00000004 b promptblockcontrols
00524e58 00000002 b promptpostexectag
00524e5c 00000004 b numpics
00524e60 00000004 b picmode
00524e64 00000004 b pictoloop
00524e68 00000004 B hidetitlemap
00524e6c 00000001 B wipestyle
00524e70 00000004 B lastwipetic
00524e74 00000004 B WipeStageTitle
00524e78 00000004 B WipeInAction
00524e80 00000004 b demo_p
00524e84 00000004 b metal_p
00524e88 00000004 b metalbuffer
00524e8c 00000004 B metalrecording
00524e90 00000004 B demorecording
00524e94 00000001 b demoflags
00524e98 00000018 b ghostext
00524eb0 00000004 B ghosts
00524eb4 00000040 b demoname
00524ef4 00000004 b demobuffer
00524ef8 00000004 b demoend
00524efc 00000004 b demotime_p
00524f00 00000009 b oldcmd
00524f10 000001a4 b oldghost
005250b8 000001a4 b oldmetal
0052525c 00000004 B demoplayback
00525260 00000004 B titledemo
00525264 00000002 B demoversion
00525268 00000004 B demo_forwardmove_rng
0052526c 00000001 B demofileoverride
00525270 00000004 B demo_start
00525274 00000004 B nodrawers
00525278 00000004 B noblit
0052527c 00000004 b restorecv_vidwait
00525280 00000004 B timingdemo
00525284 00000004 B demostarttime
00525288 00000002 b metalversion
0052528c 00000004 B metalplayback
00525290 00000004 B singledemo
00525294 00000008 B Joystick
0052529c 00000008 B Joystick2
005252a4 00000004 B botingame
005252a8 00000080 B playeringame
00525328 00000001 B modeattacking
00525329 00000001 B ultimatemode
0052532c 00000004 B nummaprings
00525330 00000002 B sstage_start
00525332 00000002 B sstage_end
00525334 00000002 B smpstage_start
00525336 00000002 B smpstage_end
00525338 00000002 B emeralds
0052533c 00000004 B modifiedgame
00525340 00000004 B savemoddata
00525344 00000001 B marathonmode
00525348 00000004 B usedCheats
0052534c 00000004 B localaiming
00525350 00000004 B localangle
00525354 00000004 B localaiming2
00525358 00000004 B localangle2
0052535c 00000004 B secondarydisplayplayer
00525360 00000004 B consoleplayer
00525364 00000008 B ticcmd_centerviewdown
0052536c 00000008 B ticcmd_ztargetfocus
00525374 00000001 B paused
00525375 00000001 B gamestate
00525378 00000004 B hidetime
0052537c 00000004 B ticcmd_oldangleturn
00525380 00000008 b joyaiming.7
00525388 00000008 b turnheld.6
00525390 00000004 B maptol
00525394 00000008 b centerviewhold.3
0052539c 00000008 b last_centerviewdown.4
005253a4 00000008 b zchange.2
005253ac 00000008 b resetdown.1
005253b4 00000004 B displayplayer
005253b8 00000008 b keyboard_look.0
005253c0 00000004 B addedtogame
005253c4 00000004 B levelstarttic
005253c8 00000004 B gametic
005253cc 00000002 B titlemap
005253ce 00000001 B gameaction
005253d0 00000004 b titlecardforreload
005253d4 00000004 B netgame
005253d8 00000004 B pausebreakkey
005253dc 00000004 B pausedelay
005253e0 00000004 b retryingmodeattack
005253e4 00000004 b retrying
005253e8 00000004 b camtoggledelay
005253ec 00000004 b camtoggledelay2
005253f0 00000004 B multiplayer
005253f4 00000002 B mapmusflags
005253f8 00000004 B mapmusposition
005253fc 00000007 B mapmusname
00525404 00000004 B countdowntimeup
00525408 00000004 B stagefailed
0052540c 00000002 B nextmapoverride
00525410 00000004 B countdown2
00525414 00000001 B skipstats
00525418 00000004 B tokenbits
0052541c 00000004 B tokenlist
00525420 00000004 B token
00525424 00000002 B spmarathon_start
00525428 00000004 B gottoken
0052542c 00000002 B prevmap
0052542e 00000002 B spstage_start
00525430 00000002 B lastmap
00525432 00000001 B gamecomplete
00525434 00000002 B nextmap
00525438 00000004 B marathontime
0052543c 00000004 B cursaveslot
00525440 00000001 B numgameovers
00525444 000002c0 B player_names
00525704 00000004 B exitfadestarted
00525708 00000004 B countdown
0052570c 00000040 B luabanks
0052574c 00000080 B player_name_changes
005257cc 00000004 B pickedchar
005257d0 00000001 B botskin
005257d2 00000002 B botcolor
005257d4 00000004 B bluescore
005257d8 00000004 B redscore
005257dc 00000004 B sstimer
005257e0 00000001 B globalweather
005257e4 00000004 B imcontinuing
005257e8 00000004 b exitgame
005257ec 00000004 B seenplayer
005257f0 00000004 B cheats
005257f4 00000002 B scramblecount
005257f6 00000002 B scrambletotal
005257f8 00000040 B scrambleteams
00525838 00000040 B scrambleplayers
00525878 00000002 B teamscramble
0052587a 00000002 B autobalance
0052587c 00000004 B gravity
00525880 00000004 B hunt3
00525884 00000004 B hunt2
00525888 00000004 B hunt1
0052588c 00000001 B creditscutscene
0052588d 00000001 B introtoplay
0052588e 00000001 B shareEmblems
0052588f 00000001 B useContinues
00525890 00000001 B use1upSound
00525894 00000004 B CheckForReverseGravity
00525898 00000004 B CheckForFloatBob
0052589c 00000004 B CheckForMarioBlocks
005258a0 00000004 B CheckForQuicksand
005258a4 00000004 B CheckForBouncySector
005258a8 00000004 B CheckForBustableBlocks
005258ac 0000102c B mapheaderinfo
005268d8 0000001c B quake
005268f4 00000004 B bflagpoint
005268f8 00000004 B rflagpoint
005268fc 00000004 B blueflag
00526900 00000004 B redflag
00526904 0000048c B textprompts
00526d90 00000200 B cutscenes
00526f90 00000004 B countdowntimer
00526f94 00000004 B looptitle
00526f98 00000004 B tutorialanalog
00526f9c 00000004 B tutorialmousemove
00526fa0 00000004 B tutorialfreelook
00526fa4 00000004 B tutorialusemouse
00526fa8 00000004 B tutorialgcs
00526fac 00000004 B tutorialmode
00526fb0 00000002 B tutorialmap
00526fb2 00000002 B bootmap
00526fb4 00000004 B hidetitlepics
00526fb8 00000004 B timeinmap
00526fbc 00000004 B ssspheres
00526fc0 00004700 B players
0052b6c0 00000001 B numDemos
0052b6c4 00000004 B runemeraldmanager
0052b6c8 00000004 B disableSpeedAdjust
0052b6cc 00000002 B mainwads
0052b6ce 00000002 B lastmaploaded
0052b6d0 00000004 B curWeather
0052b6d4 00000020 B customversionstring
0052b6f8 00000158 B gamecontrolbis
0052b850 00000158 B gamecontrol
0052b9a8 000001e4 B gamekeydown
0052bb8c 00000018 B mouse
0052bba4 00000010 B joyxmove
0052bbb4 00000010 B joyymove
0052bbc4 00000010 B joy2xmove
0052bbd4 00000010 B joy2ymove
0052bbe4 00000018 B mouse2
0052bbfc 00000018 b mousedclicks
0052bc14 00000090 b joydclicks
0052bca4 00000018 b mouse2dclicks
0052bcbc 00000090 b joy2dclicks
0052bd4c 00000008 b keynamestr.0
0052bd58 00000408 B gamecontroldefault
0052c160 00000408 B gamecontrolbisdefault
0052c568 00000004 b m_w
0052c56c 00000004 b m_x
0052c570 00000004 b m_h
0052c574 00000004 b m_y
0052c578 00000004 b scale_ftom
0052c57c 00000004 b f_w
0052c580 00000004 b f_h
0052c584 00000004 b m_x2
0052c588 00000004 b m_y2
0052c590 00000008 b m_paninc
0052c598 00000008 b f_oldloc
0052c5a0 00000004 b max_x
0052c5a4 00000004 b min_x
0052c5a8 00000004 b max_y
0052c5ac 00000004 b min_y
0052c5b0 00000010 b m_keydown
0052c5c0 00000004 b f_x
0052c5c8 00000010 b fl.1
0052c5d8 00000004 b f_y
0052c5dc 00000004 b AM_drawFline
0052c5e0 00000004 B automapactive
0052c5e4 00000004 B am_recalc
0052c5e8 00000004 b min_scale_mtof
0052c5ec 00000004 b max_scale_mtof
0052c5f0 00000004 b ftom_zoommul
0052c5f4 00000004 b mtof_zoommul
0052c5f8 00000004 b plr
0052c5fc 00000004 b old_m_x
0052c600 00000004 b old_m_y
0052c604 00000004 b old_m_w
0052c608 00000004 b old_m_h
0052c60c 00000004 b bigstate
0052c610 00000004 b draw_grid
0052c618 00000010 b l.0
0052c628 00000004 b com_argc
0052c62c 00000140 b com_argv
0052c76c 00000004 b com_args
0052c770 00000001 b com_flags
0052c774 00000400 b com_token
0052cb74 00000004 b com_wait
0052cb78 00000002 b consvar_number_of_netids
0052cb7c 00000004 b consvar_vars
0052cb80 00000050 b prefix.1
0052cbd0 00000004 b com_commands
0052cbd4 00000004 b com_alias
0052cbd8 00000004 b consvar_old_demo_vars
0052cbdc 00000004 b execversion_enabled
0052cbe0 00000004 b serverloading
0052cbe8 00000014 b com_text
0052cbfc 00000004 b recursion.2
0052cc00 00000004 b joyaxis_default
0052cc04 00000004 b joyaxis_count
0052cc08 00000004 b joyaxis2_default
0052cc0c 00000004 b joyaxis2_count
0052cc10 00000004 B con_scalefactor
0052cc14 00000004 B con_destlines
0052cc18 00000004 b con_cx
0052cc1c 00000004 b con_totallines
0052cc20 00000004 b con_cy
0052cc24 00000004 b con_line
0052cc28 00000004 b con_width
0052cc2c 00000004 b con_scrollup
0052cc30 00000001 b con_hudlines
0052cc34 00000050 b con_hudtime
0052cc84 00000004 b inputline
0052cc88 00000004 b input_len
0052cc8c 00000004 b input_sel
0052cc90 00000004 b input_cur
0052cc94 00000004 B con_recalc
0052cc98 00000004 b con_curlines
0052cc9c 00000004 B con_startup
0052cca0 00000004 B promptbgmap
0052cca4 00000004 B consolebgmap
0052cca8 00000790 b bindtable
0052d438 00000004 B magentamap
0052d43c 00000004 B yellowmap
0052d440 00000004 B lgreenmap
0052d444 00000004 B bluemap
0052d448 00000004 B redmap
0052d44c 00000004 B graymap
0052d450 00000004 B orangemap
0052d454 00000004 B skymap
0052d458 00000004 B purplemap
0052d45c 00000004 B aquamap
0052d460 00000004 B peridotmap
0052d464 00000004 B azuremap
0052d468 00000004 B brownmap
0052d46c 00000004 B rosymap
0052d470 00000004 B invertmap
0052d474 00000004 b con_started
0052d478 00000004 B con_refresh
0052d47c 00000004 b consoletoggle
0052d480 00000004 b consoleready
0052d484 00000004 b con_tick
0052d488 00000004 b fracmovement.0
0052d48c 00000004 b txt.3
0052d490 00000004 b skips.7
0052d494 00000004 b com_skips.6
0052d498 00000004 b var_skips.5
0052d49c 00000004 b alias_skips.4
0052d4a0 00000004 b inputhist
0052d4a4 00000004 b txt.2
0052d4a8 00000004 b txt.1
0052d4ac 00008000 b con_buffer
005354ac 00002000 b inputlines
005374b0 00000004 b chat_nummsg_min
005374b4 000007f8 b chat_mini
00537cac 00000020 b chat_timers
00537ccc 00000002 b addy
00537cd0 00000004 b chat_scroll
00537cd4 00000004 b chat_maxscroll
00537cd8 00000004 b chat_nummsg_log
00537cdc 000001b4 B hu_font
00537e90 00000004 b chat_scrollmedown
00537e94 00000004 b justscrolleddown
00537e98 00000004 b justscrolledup
00537e9c 00000004 b chat_scrolltime
00537ea0 000001b4 B tny_font
00538054 00000004 b cechoflags
00538058 00000400 b cechotext
00538458 00000004 b cechotimer
0053845c 00000060 B emeraldpics
005384c0 000001b4 B cred_font
00538678 000001b4 B lt_font
00538830 000001b4 B ntb_font
005389e8 000001b4 B nto_font
00538b9c 00000028 B tallnum
00538bc4 00000028 B nightsnum
00538bec 00000028 B ttlnum
00538c14 00000004 B tallminus
00538c18 00000004 B tallinfin
00538c1c 0000000c b crosshair
00538c28 00000004 b emblemicon
00538c2c 00000004 B tokenicon
00538c30 00000004 b exiticon
00538c34 00000004 b nopingicon
00538c38 00000004 B shiftxform
00538c3c 00000004 b luahuddrawlist_scores
00538c40 00000080 B spam_tics
00538cc0 00000001 b hu_tick
00538cc4 00000004 B chat_on
00538cc8 00000004 B hu_showscores
00538ccc 00000004 b resynch_ticker
00538cd0 000000e0 b w_chat
00538db0 00000004 b c_input
00538db4 00000004 B chat_on_first_event
00538db8 00000004 b teamtalk
00538dbc 00000004 B tagico
00538dc0 00000004 B rflagico
00538dc4 00000004 B bflagico
00538dc8 00000004 B hu_demoscore
00538dcc 00000004 B hu_demotime
00538dd0 00000002 B hu_demorings
00538dd4 00003fc0 b chat_log
0053cd94 00000004 B bmatcico
0053cd98 00000004 B rmatcico
0053cda0 00000008 B g_time
0053cda8 00000008 b enterprecise
0053cdb0 00000008 b oldenterprecise
0053cdb8 00000004 b entertic
0053cdbc 00000004 b oldentertics
0053cdc0 00000008 b tictimer
0053cdc8 00000004 b y_buffer
0053cdcc 00000004 b intertic
0053cdd0 000005cc b data
0053d39c 00000001 B intertype
0053d3a0 00000004 b bgpatch
0053d3a4 00000004 b bgtile
0053d3a8 00000004 b interpic
0053d3ac 00000004 b useinterpic
0053d3b0 00000004 b usetile
0053d3b4 00000004 B usebuffer
0053d3b8 00000004 b luahuddrawlist_intermission
0053d3bc 00000004 b animatetic.0
0053d3c0 00000004 b timer
0053d3c4 00000088 B intermissiontypes
0053d44c 0000000c b lt_patches
0053d458 00000004 B livesback
0053d45c 00000004 B faceprefix
0053d460 00000004 B superprefix
0053d464 00000004 B stlivex
0053d468 00000004 b race3
0053d46c 00000004 b race2
0053d470 00000004 b race1
0053d474 00000004 b racego
0053d478 00000002 B objectsdrawn
0053d47c 00000004 B sbotime
0053d480 00000004 b sboredtime
0053d484 00000004 B sbocolon
0053d488 00000004 B sboperiod
0053d48c 00000004 B sboscore
0053d490 00000004 b curweapon
0053d494 0000001c B ngradeletters
0053d4b0 00000008 b finishoffs.3
0053d4b8 00000004 b fnshico
0053d4bc 00000008 b shieldoffs.2
0053d4c4 00000004 b forceshield
0053d4c8 00000004 b jumpshield
0053d4cc 00000004 b watershield
0053d4d0 00000004 b bombshield
0053d4d4 00000004 b ringshield
0053d4d8 00000004 b pityshield
0053d4dc 00000004 b pinkshield
0053d4e0 00000004 b flameshield
0053d4e4 00000004 b bubbleshield
0053d4e8 00000004 b thundershield
0053d4ec 00000008 b stackoffs.1
0053d4f4 00000004 b fireflower
0053d4f8 00000008 b flagoffs.0
0053d500 00000004 b gotrflag
0053d504 00000004 b gotbflag
0053d508 00000004 b invincibility
0053d50c 00000004 b sneakers
0053d510 00000004 b gravboots
0053d514 00000004 b nightopianhelper
0053d518 00000004 b linkfreeze
0053d51c 00000004 b superparaloop
0053d520 00000004 B st_palette
0053d524 00000004 b sborings
0053d528 00000004 b sboredrings
0053d52c 00000004 b slidgame
0053d530 00000004 b slidtime
0053d534 00000004 b slidover
0053d538 00000004 b nightslink
0053d53c 00000018 b hunthoming
0053d554 00000018 b itemhoming
0053d56c 00000004 b normring
0053d570 00000004 b bouncering
0053d574 00000004 b infinityring
0053d578 00000004 b autoring
0053d57c 00000004 b explosionring
0053d580 00000004 b scatterring
0053d584 00000004 b grenadering
0053d588 00000004 b railring
0053d58c 00000004 b nonicon
0053d590 00000004 b nonicon2
0053d594 00000004 b bluestat
0053d598 00000004 b byelstat
0053d59c 00000004 b orngstat
0053d5a0 00000004 b redstat
0053d5a4 00000004 b yelstat
0053d5a8 00000004 b nbracket
0053d5ac 00000004 b nring
0053d5b0 00000030 b nhud
0053d5e0 00000030 b nbon
0053d610 00000004 b nsshud
0053d614 00000004 b nssbon
0053d618 00000004 b minicaps
0053d61c 00000024 b narrow
0053d640 00000020 b nredar
0053d660 00000004 b drillbar
0053d664 0000000c b drillfill
0053d670 00000004 b capsulebar
0053d674 00000004 b capsulefill
0053d678 00000004 b minus5sec
0053d67c 00000008 b luahuddrawlist_game
0053d684 00000004 b luahuddrawlist_titlecard
0053d688 00000004 b lt_active
0053d68c 00000004 B lt_lasttic
0053d690 00000004 B lt_exitticker
0053d694 00000004 B lt_ticker
0053d698 00000004 B lt_endtime
0053d69c 00000004 b lt_scroll
0053d6a0 00000004 b lt_zigzag
0053d6a4 00000004 b lt_mom
0053d6a8 00000008 b prevsel.5
0053d6b0 00000008 b prevtime.4
0053d6b8 00000004 b drawstagetitle
0053d6bc 00000004 B st_overlay
0053d6c0 00000004 B st_borderpatchnum
0053d6c4 00000004 B myargc
0053d6c8 00000004 B myargv
0053d6cc 00000004 b found
0053d6d0 00000004 B myargmalloc
0053d6d4 00000100 b cheat_xlate_table
0053d7d4 00000002 B op_currentthing
0053d7d6 00000002 B op_currentdoomednum
0053d7d8 00000004 B objectplacing
0053d7dc 00000004 B op_displayflags
0053d7e0 00000004 b op_oldflags1
0053d7e4 00000004 b op_oldflags2
0053d7e8 00000004 b op_oldeflags
0053d7ec 00000004 b op_oldpflags
0053d7f0 00000004 b op_oldmomx
0053d7f4 00000004 b op_oldmomy
0053d7f8 00000004 b op_oldmomz
0053d7fc 00000004 b op_oldheight
0053d800 00000002 b op_oldstate
0053d802 00000002 b op_oldcolor
0053d804 00000400 B conditionSets
0053dc04 00000004 B serverGamedata
0053dc08 00000004 B clientGamedata
0053dc0c 00000004 B numemblems
0053dc10 00000004 B numextraemblems
0053dc14 00000004 B unlocktriggers
0053dc18 00000c60 B extraemblems
0053e878 00000007 b pnamebuf.1
0053e880 00000007 b pnamebuf.0
0053e888 00000b00 B ntemprecords
0053f388 00002d00 B unlockables
00542088 00010800 B emblemlocations
00552888 00000004 b bgscrollx.17
0055288c 00000004 b recatkdrawtimer
00552890 00000001 b playstyle_currentchoice
00552894 00000091 b joystickInfo
00552928 00000004 b setupcontrols_secondaryplayer
0055292c 00000400 b header.13
00552d2c 00000001 B levellistmode
00552d2d 00000001 B maplistoption
00552d30 00000008 b levelselect
00552d38 00000008 b lsoffs
00552d40 00000003 b levelselectselect
00552d44 00000004 b char_notes
00552d48 00000018 b levselp
00552d60 00000004 b loadgamescroll
00552d64 00000004 b loadgameoffset
00552d68 00000004 b savegameinfo
00552d6c 00000001 b numsaves
00552d70 0000001c b savselp
00552d8c 00000004 b setupm_fakeskin
00552d90 00000004 b multi_followitem_sprdef
00552d94 00000004 b multi_followitem_skinnum
00552d98 00000001 b multi_followitem_numframes
00552d99 00000001 b multi_followitem_startframe
00552d9a 00000001 b multi_followitem_frame
00552d9b 00000001 b multi_frame
00552d9c 00000004 b multi_followitem_duration
00552da0 00000004 b multi_followitem_tics
00552da4 00000004 b multi_tics
00552da8 00000004 b multi_followitem_scale
00552dac 00000004 b multi_followitem_yoffset
00552db0 00000004 b setupm_cvname
00552db4 00000016 b setupm_name
00552dcc 00000004 b setupm_cvskin
00552dd0 00000004 b setupm_fakecolor
00552dd4 00000004 b setupm_cvcolor
00552dd8 00000004 b luahuddrawlist_playersetup
00552ddc 00000004 b multi_override
00552de0 00000004 b serverlistpage
00552de4 00000004 b vidm_nummodes
00552de8 000001b0 b modedescs
00552f98 00000004 b vidm_selected
00552f9c 00000004 b vidm_column_size
00552fa0 00000004 b vidm_testingmode
00552fa4 00000004 b curplaying
00552fa8 00000004 b st_time
00552fac 00000024 b st_radio
00552fd0 00000010 b st_launchpad
00552fe0 00000004 b st_sel
00552fe4 00000004 b char_scroll
00552fe8 00000004 B description
00552fec 00000004 b charseltimer
00552ff0 00000004 b setupcontrols
00552ff4 00000004 b staticx.12
00552ff8 00000004 b staticy.11
00552ffc 00000004 B ultimate_selectable
00553000 00000002 B startmap
00553004 00000004 B numdescriptions
00553008 00000002 B startchar
0055300c 00000004 B menuactive
00553010 00000020 b qbuf.16
00553030 00000004 b colorgrid
00553034 00000004 b multi_paused
00553038 00000004 b multi_invcolor
0055303c 00000002 b multi_spr2
00553040 00000004 b setupm_player
00553044 00000004 b setupm_cvdefaultskin
00553048 00000004 b setupm_cvdefaultcolor
0055304c 00000080 b setupm_ip
005530cc 00000004 b menuRoomIndex
005530d0 00000004 b localservercount
005530d4 00000001 B m_waiting_mode
005530d8 00000004 b statsLocation
005530dc 00000004 b statsMax
005530e0 00000818 b statsMapList
005538f8 00000001 b check_on
005538fc 00000004 b checklist_cangodown
00553900 00000004 B activeMenuId
00553904 00000004 b ntsatkdrawtimer
00553908 00000448 B gametype_cons_t
00553d50 00000004 B fromlevelselect
00553d54 00000001 b erasecontext
00553d58 00000400 b ra_demoname
00554158 00000002 b enterwipe
0055415a 00000002 b exitwipe
0055415c 00000004 b anceslevel
00554160 00000004 b enterlevel
00554164 00000004 b exitlevel
00554168 00000002 b entertype
0055416a 00000002 b exittype
0055416c 00000004 b enterbubble
00554170 00000004 b exitbubble
00554174 00000004 B prevMenuId
00554178 00000002 b exittag
0055417a 00000002 b entertag
0055417c 00000004 b keydown
00554180 00000004 b noFurtherInput
00554184 00000001 b playstyle_activeplayer
00554188 00000004 b vidm_previousmode
0055418c 00000050 B skyRoomMenuTranslations
005541dc 00000004 b st_cc
005541e0 00000040 B roomIds
00554220 00000058 B quitmsg
00554278 00000064 b OP_JoystickSetMenu
005542dc 00000004 b message.0
005542e0 00000004 b highlightflags
005542e4 00000004 b warningflags
005542e8 00000038 b addonsp
00554320 00000004 b stopstopmessage
00554324 00000004 b controltochange
00554328 00000044 b tmp.15
0055436c 00000021 b controltochangetext
00554390 0000009e b tmp.14
00554430 00000004 b joywait.8
00554434 00000004 b pjoyx.6
00554438 00000004 b pjoyy.7
0055443c 00000004 b mousewait.5
00554440 00000004 b pmousey.4
00554444 00000004 b lasty.3
00554448 00000004 b pmousex.2
0055444c 00000004 b lastx.1
00554450 00000014 b MessageMenu
00554464 000014d8 B menupres
0055593c 00000024 B OP_MiscControlsDef
00555960 00000024 B OP_MPControlsDef
00555984 00000004 B takescreenshot
00555988 00000001 B moviemode
0055598c 00000400 b string.11
00555d8c 00000200 B configfile
00555f8c 00000004 b gameconfig_loaded
00555f90 00000004 b stringToUse.10
00555f94 00000004 b startPos.9
00555f98 00000004 b endPos
00555f9c 00000004 b oldendPos
00555fa0 00000004 b stringLength.8
00555fa4 00000001 b inComment.7
00555fa8 00000004 b globalTokenizer
00555fac 00000009 b rev.6
00555fb8 0000001c b sizeu1_buf.5
00555fd4 0000001c b sizeu2_buf.4
00555ff0 0000001c b sizeu3_buf.3
0055600c 0000001c b sizeu4_buf.2
00556028 0000001c b sizeu5_buf.1
00556044 00000009 b dig.0
00556050 00000004 B ps_frame_index
00556054 00000004 B ps_tick_index
00556058 00000004 B ps_frame_samples_left
0055605c 00000004 B ps_tick_samples_left
00556060 00000004 B prethinkframe_hooks
00556064 00000004 B prethinkframe_hooks_length
00556068 00000004 B thinkframe_hooks
0055606c 00000004 B thinkframe_hooks_length
00556070 00000004 B postthinkframe_hooks
00556074 00000004 B postthinkframe_hooks_length
00556078 00000010 B ps_otherlogictime
00556088 00000010 B ps_tictime
00556098 00000010 B ps_playerthink_time
005560a8 00000010 B ps_thinkertime
005560b8 00000010 B ps_lua_prethinkframe_time
005560c8 00000010 B ps_lua_thinkframe_time
005560d8 00000010 B ps_lua_postthinkframe_time
005560e8 00000010 b ps_thinkercount
005560f8 00000010 b ps_polythcount
00556108 00000010 b ps_mainthcount
00556118 00000010 b ps_mobjcount
00556128 00000010 b ps_regularcount
00556138 00000010 b ps_scenerycount
00556148 00000010 b ps_nothinkcount
00556158 00000010 b ps_dynslopethcount
00556168 00000010 b ps_precipcount
00556178 00000010 b ps_removecount
00556188 00000010 b ps_frametime
00556198 00000010 B ps_lua_mobjhooks
005561a8 00000010 B ps_checkposition_calls
005561b8 00000050 B ps_thlist_times
00556208 00000004 b minus
0055620c 00000004 b barrel
00556210 00000004 b exploderadius
00556214 00000004 b explodethrust
00556218 00000004 b dustdevil
0055621c 00000004 B var1
00556220 00000004 B var2
00556224 00000004 b k.1
00556228 0000000c b epicenter.0
00556234 00000004 B modulothing
00556238 00000004 B stplyr
0055623c 00000004 b camerascanned2.1
00556240 00000004 b camerascanned.0
00556248 00000010 B tmbbox
00556258 00000004 B tmthing
0055625c 00000004 B tmy
00556260 00000004 B tmx
00556264 00000004 B blockingline
00556268 00000004 B tmceilingz
0055626c 00000004 B ceilingline
00556270 00000004 B tmceilingrover
00556274 00000004 B tmceilingslope
00556278 00000004 B tmfloorz
0055627c 00000004 B tmfloorrover
00556280 00000004 B tmfloorslope
00556284 00000004 b tmdrpoffceilz
00556288 00000004 b tmdropoffz
0055628c 00000004 B mapcampointer
00556290 00000004 b bestslidefrac
00556294 00000004 b bestslideline
00556298 00000004 b bombspot
0055629c 00000004 b bombsource
005562a0 00000001 b bombdamagetype
005562a4 00000004 b bombsightcheck
005562a8 00000004 b bombdamage
005562ac 00000004 b headsecnode
005562b0 00000004 B sector_list
005562b4 00000004 b headprecipsecnode
005562b8 00000010 b preciptmbbox
005562c8 00000004 B precipsector_list
005562cc 00000004 b tmprecipthing
005562d0 00000004 b tmflags
005562d4 00000004 B tmfloorthing
005562d8 00000004 B tmhitthing
005562dc 00000004 B floatok
005562e0 00000004 b stand
005562e4 00000004 b slidemo
005562e8 00000004 b tmxmove
005562ec 00000004 b tmymove
005562f0 00000094 b junk.0
00556384 00000004 b intercepts
00556388 00000004 b intercept_p
0055638c 00000004 b max_intercepts.0
00556390 00000010 B trace
005563a0 00000004 b earlyout
005563a4 00000004 B opentop
005563a8 00000004 B highceiling
005563ac 00000004 B openbottom
005563b0 00000004 B lowfloor
005563b4 00000004 B openrange
005563b8 00000004 B openceilingrover
005563bc 00000004 B openfloorrover
005563c0 00000004 B openbottomslope
005563c4 00000004 B opentopslope
005563c8 00000004 b freeblocks
005563cc 00000004 b freeiters
005563d0 00000004 b pushmobj
005563d8 00000010 B actioncachehead
005563e8 00000004 B iquehead
005563ec 00000004 B iquetail
005563f0 00000004 b overlaycap
005563f4 00000004 B mobjcache
005563f8 00000004 b recursion.0
005563fc 00000004 b recursion.2
00556400 00000004 B numshields
00556404 00000100 B shields
00556504 00000004 B numhuntemeralds
00556508 00000100 B huntemeralds
00556608 000054bc b seenstate_tab.1
0055bac4 000054bc b seenstate_tab.3
00560f80 00001000 B itemrespawntime
00561f80 00001000 B itemrespawnque
00562f80 00000004 b bmap_freelist
00562f84 00000004 B polyblocklinks
00562f88 00000004 B numPolyObjects
00562f8c 00000004 B PolyObjects
00562f90 00000004 b pomovecount.1
00562f94 00000004 b net_colormaps
00562f98 00000004 b num_net_colormaps
00562f9c 00000004 b num_ffloors
00562fa0 00000014 B savedata
00562fb8 00000004 B numlevelflats
00562fbc 00000004 B levelflats
00562fc0 00000004 B numsectors
00562fc4 00000004 B sides
00562fc8 00000004 B sectors
00562fcc 00000004 B numvertexes
00562fd0 00000004 B lines
00562fd4 00000004 B vertexes
00562fd8 00000004 B nummapthings
00562fdc 00000004 B mapthings
00562fe0 00000004 B numstarposts
00562fe4 00000004 B foundflats
00562fe8 00000028 B textmap_planefloor
00563010 00000028 B textmap_planeceiling
00563038 00000004 B numsides
0056303c 00000004 B segs
00563040 00000004 B numlines
00563044 00000004 b contextdrift
00563048 00000004 B udmf
0056304c 00000004 B numsubsectors
00563050 00000004 B numnodes
00563054 00000004 B numsegs
00563058 00000004 B subsectors
0056305c 00000004 B nodes
00563060 00000008 b mapthingBlocks
00563068 00000008 b linedefBlocks
00563070 00000008 b sidedefBlocks
00563078 00000008 b vertexBlocks
00563080 00000008 b sectorBlocks
00563088 00000200 B numwaypoints
00563288 00000004 B levelloading
0056328c 00000001 B levelfadecol
00563290 00000004 b maplumpname
00563294 00000004 B lastloadedmaplumpnum
00563298 00000004 B numbluectfstarts
0056329c 00000004 B numredctfstarts
005632a0 00000004 B numdmstarts
005632a4 00000080 B redctfstarts
00563324 00000080 B bluectfstarts
005633a4 00000080 B playerstarts
00563424 00000100 B deathmatchstarts
00563524 00000004 B rejectmatrix
00563528 00000004 B blockmaplump
0056352c 00000004 B bmaporgx
00563530 00000004 B bmaporgy
00563534 00000004 B bmapwidth
00563538 00000004 B bmapheight
0056353c 00000004 B blocklinks
00563540 00000004 B blockmap
00563544 00000004 B spawnsectors
00563548 00000004 B spawnlines
0056354c 00000004 B spawnsides
00563550 00000010 B mapmd5
00563560 00000004 B numcoopstarts
00563564 00040000 B waypoints
005a3564 00000004 B stoppedclock
005a3568 00000002 B bossdisabled
005a356c 00000008 b sightcounts
005a3574 00000004 b maxanims
005a3578 00000004 b animdefs
005a357c 00000004 b anims
005a3580 00000004 b lastanim
005a3584 00000008 B skyboxmo
005a358c 00000040 B skyboxcenterpnts
005a35cc 00000040 B skyboxviewpnts
005a360c 00000004 B secportalcount
005a3610 00000004 B secportalcapacity
005a3614 00000004 B secportals
005a3618 00000004 b currentthinker
005a361c 00000078 B thlist
005a3694 00000004 B leveltime
005a3698 00000004 b teeterer
005a369c 00000004 b solidteeter
005a36a0 00000004 b couldteeter
005a36a4 00000004 b teeterxl
005a36a8 00000004 b teeterxh
005a36ac 00000004 b teeteryl
005a36b0 00000004 b teeteryh
005a36b4 00000004 b onground
005a36b8 00000048 B camera
005a3700 00000048 B camera2
005a3748 00000008 b camsideshift.1
005a3750 00000004 B slopelist
005a3754 00000002 B slopecount
005a3758 00000508 b solidsegs
005a3c60 00000004 b newend
005a3c64 00000004 B ds_p
005a3c68 00000004 B drawsegs
005a3c6c 00000004 B curline
005a3c70 00000004 B backsector
005a3c74 00000004 B horizonline
005a3c78 00000004 B bothfloorssky
005a3c7c 00000004 B bothceilingssky
005a3c80 00000120 b tempsec.1
005a3da0 00000004 B doorclosed
005a3da4 00000004 B frontsector
005a3da8 00000004 B numpolys
005a3dac 00000004 B num_po_ptrs
005a3db0 00000004 B po_ptrs
005a3db4 00000120 b tempsec.2
005a3ed4 00000004 B firstseg
005a3ed8 00000120 b tempsec.0
005a3ff8 00000004 B curdrawsegs
005a3ffc 00000004 B linedef
005a4000 00000004 B sidedef
005a4008 00000004 B fadecolormap
005a400c 00000004 B colormaps
005a4010 00000004 B numspritelumps
005a4014 00000004 B max_spritelumps
005a4018 00000004 B spritecachedinfo
005a401c 00000004 B flatmemory
005a4020 00000004 B texturememory
005a4024 00000004 B spritememory
005a4028 00020404 b lighttable_lut
005c4430 00001800 b map
005c5c30 00001800 b deltas
005c7430 00000004 B ds_x1
005c7434 00000004 B ds_x2
005c7438 00000018 B ds_slopelight
005c7450 00000004 B ds_y
005c7458 00000008 B zeroheight
005c7460 00000500 b tiltlighting
005c7960 00000010 B blendtables
005c7970 00000004 B transtables
005c7974 00000418 b translationtablecache
005c7d8c 00000004 B viewwindowx
005c7d90 00000004 B viewwindowy
005c7d94 00000004 B dc_yl
005c7d98 00000004 B dc_yh
005c7d9c 00000004 B topleft
005c7da0 00000004 B dc_x
005c7da4 00000004 B dc_iscale
005c7da8 00000004 B dc_texturemid
005c7dac 00000004 B dc_source
005c7db0 00000004 B dc_colormap
005c7db4 00000004 B dc_texheight
005c7db8 00000004 B dc_postlength
005c7dbc 00000004 B dc_transmap
005c7dc0 00000004 B dc_translation
005c7dc4 00000004 B ds_xfrac
005c7dc8 00000004 B ds_yfrac
005c7dcc 00000004 B ds_xstep
005c7dd0 00000004 B ds_ystep
005c7dd4 00000004 B nflatshiftup
005c7dd8 00000004 B ds_source
005c7ddc 00000004 B ds_colormap
005c7de0 00000004 B nflatyshift
005c7de4 00000004 B nflatmask
005c7de8 00000004 B nflatxshift
005c7df0 00000018 B ds_sz
005c7e08 00000018 B ds_su
005c7e20 00000018 B ds_sv
005c7e38 00000004 B ds_transmap
005c7e3c 00000004 B ds_bgofs
005c7e40 00000004 B ds_translation
005c7e44 00000004 B ds_waterofs
005c7e48 00000004 B dc_numlights
005c7e4c 00000004 B dc_lightlist
005c7e50 00000002 B ds_flatwidth
005c7e52 00000002 B ds_flatheight
005c7e54 00020404 b transtab_lut
005e8258 000024f8 B Color_cons_t
005ea750 00001278 B skincolor_modified
005eb9c8 00000004 B focallengthf
005eb9cc 00000004 B ds_fog
005eb9d0 00000004 B ds_solidcolor
005eb9d4 00000004 B ds_powersoftwo
005eb9d8 00000004 B dc_maxlights
005eb9dc 00000004 B viewheight
005eb9e0 00000004 B scaledviewwidth
005eb9e4 00000004 B viewwidth
005eb9e8 00000004 b levelinterpolators_len
005eb9ec 00000004 b levelinterpolators_size
005eb9f0 00000004 b levelinterpolators
005eb9f4 00000008 b oldview_invalid
005eb9fc 00000001 B viewcontext
005eba00 0000002c b p1view_old
005eba2c 0000002c b p1view_new
005eba58 0000002c b p2view_old
005eba84 0000002c b p2view_new
005ebab0 0000002c b sky1view_old
005ebadc 0000002c b sky1view_new
005ebb08 0000002c b sky2view_old
005ebb34 0000002c b sky2view_new
005ebb60 00000004 b interpolated_mobjs_len
005ebb64 00000004 b interpolated_mobjs_capacity
005ebb68 00000004 b interpolated_mobjs
005ebb70 00000010 B ps_interp_lag
005ebb80 00000010 B ps_interp_frac
005ebb90 00000004 B setsizeneeded
005ebb94 00000004 B fovtan
005ebb98 00000004 B centerx
005ebb9c 00000004 B centerxfrac
005ebba0 00000004 B projectiony
005ebba4 00000004 B projection
005ebba8 00000504 B xtoviewangle
005ec0ac 00000004 B clipangle
005ec0b0 00000004 B doubleclipangle
005ec0b4 00000004 B viewy
005ec0b8 00000004 B viewx
005ec0bc 00000004 B centery
005ec0c0 00000004 B centeryfrac
005ec0c4 00000004 B framecount
005ec0c8 00000004 B r_viewmobj
005ec0cc 00000004 B rendertimefrac
005ec0d0 00000008 b viewfov
005ec0d8 00000004 B viewz
005ec0dc 00000004 B viewsector
005ec0e0 00000010 B ps_numdrawnodes
005ec0f0 00000010 B ps_numpolyobjects
005ec100 00000010 B ps_numbspcalls
005ec110 00000010 B ps_bsptime
005ec120 00000010 B ps_sw_spritecliptime
005ec130 00000010 B ps_numsprites
005ec140 00000010 B ps_sw_portaltime
005ec150 00000004 B viewangle
005ec154 00000004 B viewsin
005ec158 00000004 B viewcos
005ec160 00000010 B ps_sw_planetime
005ec170 00000010 B ps_sw_maskedtime
005ec180 00000010 B ps_swaptime
005ec190 00000010 B ps_uitime
005ec1a0 00000010 B ps_otherrendertime
005ec1b0 00000010 B ps_rendercalltime
005ec1c0 00000008 B ps_prevframetime
005ec1c8 00000004 B extra_colormaps
005ec1cc 00004000 B zlight
005f01cc 000000c0 B scalelightfixed
005f028c 00001800 B scalelight
005f1a8c 00004000 B viewangletox
005f5a8c 00000004 B renderisnewtic
005f5a90 00000004 B renderdeltatics
005f5a94 00000004 B r_renderthings
005f5a98 00000004 B r_renderfloors
005f5a9c 00000004 B r_renderwalls
005f5aa0 00000004 B viewplayer
005f5aa4 00000004 B aimingangle
005f5aa8 00000004 B loopcount
005f5ab0 00000004 B yslope
005f5ab4 00000004 b planeheight
005f5ab8 00000010 b planeripple
005f5ac8 00000004 b currentplane
005f5ad0 00000008 b xoffs
005f5ad8 00000008 b yoffs
005f5ae0 00000004 B planezlight
005f5ae8 00000018 b slope_v
005f5b00 00000018 b slope_origin
005f5b18 00000018 b slope_u
005f5b30 00000004 b freetail
005f5b34 00000804 B visplanes
005f6338 00000018 b slope_lightv
005f6350 00000018 b slope_lightu
005f6368 00000004 B numffloors
005f636c 00000500 B frontscale
005f686c 00000280 B floorclip
005f6aec 00000280 B ceilingclip
005f6d6c 00000320 b spanstart
005f708c 00003200 B yslopetab
005fa28c 0000d020 B ffloor
006072ac 00000004 B ceilingplane
006072b0 00000004 B floorplane
006072b4 00000004 B rw_distance
006072b8 00000004 B rw_normalangle
006072bc 00000004 b repeatscroll
006072c0 00000004 b rw_toptexturescaley
006072c4 00000004 b rw_midtexturescaley
006072c8 00000004 b rw_bottomtexturescaley
006072cc 00000004 b toptexture
006072d0 00000004 b midtexture
006072d4 00000004 b bottomtexture
006072d8 00000004 b topfrac
006072dc 00000004 b bottomfrac
006072e0 00000004 b rw_scale
006072e4 00000004 b markceiling
006072e8 00000004 b markfloor
006072ec 00000004 b rw_floormarked
006072f0 00000004 b rw_ceilingmarked
006072f4 00000004 b rw_silhouette
006072f8 00000004 b rw_bsilheight
006072fc 00000004 b rw_tsilheight
00607300 00000004 b rw_offset
00607304 00000004 b rw_centerangle
00607308 00000004 b rw_invmidtexturescalex
0060730c 00000004 b segtextured
00607310 00000004 b walllights
00607314 00000004 b rw_offsetx
00607318 00000004 b rw_midtexturemid
0060731c 00000004 b rw_x
00607320 00000004 b pixhigh
00607324 00000004 b pixhighstep
00607328 00000004 b rw_invtoptexturescalex
0060732c 00000004 b rw_offset_top
00607330 00000004 b rw_toptexturescalex
00607334 00000004 b rw_toptexturemid
00607338 00000004 b rw_toptextureslide
0060733c 00000004 b pixlow
00607340 00000004 b pixlowstep
00607344 00000004 b rw_invbottomtexturescalex
00607348 00000004 b rw_offset_bottom
0060734c 00000004 b rw_bottomtexturescalex
00607350 00000004 b rw_bottomtexturemid
00607354 00000004 b rw_bottomtextureslide
00607358 00000004 b maskedtexturecol
0060735c 00000004 b thicksidecol
00607360 00000004 b maskedtextureheight
00607364 00000004 b rw_midtextureback
00607368 00000004 b rw_midtextureslide
0060736c 00000004 b rw_midtexturebackslide
00607370 00000004 b invscale
00607374 00000004 b numbackffloors
00607378 00000004 b rw_scalestep
0060737c 00000004 b topstep
00607380 00000004 b bottomstep
00607384 00000004 b rw_stopx
00607388 00000004 b lastopening
0060738c 00000004 b openings
00607390 00000004 b curtexturecolumntable
00607394 00000004 b texturecolumntable
00607398 00000500 b ffloortexturecolumn
00607898 00000004 b maxdrawsegs.0
0060789c 00000004 B rw_angle1
006078a0 00000004 b worldtop
006078a4 00000004 b worldtopslope
006078a8 00000004 b worldbottom
006078ac 00000004 b worldbottomslope
006078b0 00000004 b maskedtexture
006078b4 00000004 b numthicksides
006078b8 00000004 b rw_midtexturescalex
006078bc 00000004 b worldhigh
006078c0 00000004 b worldhighslope
006078c4 00000004 b worldlow
006078c8 00000004 b worldlowslope
006078cc 00000004 b texturecolumntablesize
006078d0 00000004 b numopenings
006078d4 00000004 B skins
006078d8 00000004 B numskins
006078dc 00000004 B skyscale
006078e0 00000004 B skytexturemid
006078e4 00000004 B skytexture
006078e8 00000004 B globallevelskynum
006078ec 00000004 B levelskynum
006078f0 00000004 B skyflatnum
006078f8 00000004 B prastertab
00607900 000012c0 b rastertab
00608bc0 00000004 B spryscale
00608bc4 00000004 B sprtopscreen
00608bc8 00000004 B windowtop
00608bcc 00000004 B windowbottom
00608bd0 00000004 B mfloorclip
00608bd4 00000004 B mceilingclip
00608bd8 00000004 b maxframe
00608bdc 00000004 b spritename
00608be0 0000001c b nodebankhead
00608bfc 00000004 b flippedcolsize
00608c00 00000004 b flippedcol
00608c04 00000004 B sprbotscreen
00608c08 000005c8 b overflowsprite
006091d0 00000004 B visspritecount
006091d4 00000080 b visspritechunks
00609258 000005c8 b vsprsortedhead.0
00609820 00000004 B numsprites
00609824 00000004 B sprites
00609828 00000280 B negonearray
00609aa8 00000004 b clippedvissprites
00609aac 00000004 B numvisiblesprites
00609ab0 00000018 b drawsegs_xranges
00609ac8 00000004 b drawsegs_xrange_size
00609acc 00000004 b drawsegs_xrange
00609ad0 00000004 b drawsegs_xrange_count
00609ad4 00000004 b spritelights
00609ad8 0000c800 b sprtemp
006162d8 002c9e44 B spriteinfo
008e011c 00000280 B screenheightarray
008e039c 00000004 b tidcachelen
008e03a0 00000004 b tidcache
008e03a4 00000004 B texturewidth
008e03a8 00000004 B textureheight
008e03ac 00000004 B textures
008e03b0 00000004 B numtextures
008e03b4 00000004 B texturecolumns
008e03b8 00000004 B texturecache
008e03bc 00000004 B texturetranslation
008e03c0 00000004 b columnDrawer.1
008e03c4 00000004 b numpaletteremaps
008e03c8 00000004 b paletteremaps
008e03cc 00000004 b parsedTranslationListHead
008e03d0 00000004 b parsedTranslationListTail
008e03d4 00000004 b numcustomtranslations
008e03d8 00000004 b customtranslations
008e03dc 00000004 b allWhiteRemap
008e03e0 00000004 b dashModeRemap
008e03e4 00000120 B rollcosang
008e0504 00000120 B rollsinang
008e0624 00000004 b chunkname
008e0628 0000000c b chunk
008e0634 00020404 b png_colorlookup
00900a38 00000004 B portal_base
00900a3c 00000004 B portal_cap
00900a40 00000001 B portalrender
00900a44 00000004 B portalcullsector
00900a48 00000004 B portalline
00900a4c 00000004 B portalclipend
00900a50 00000004 B portalclipstart
00900a54 00000004 B portalclipline
00900a58 00000001 B setrenderneeded
00900a5c 00000038 B vid
00900a98 0000002c B colfuncs
00900ac8 00000058 B spanfuncs
00900b20 00000004 B colfunc
00900b24 00000004 B spanfunc
00900b28 00000058 B spanfuncs_npo2
00900b80 00000004 B setmodeneeded
00900b84 00000004 B scr_bpp
00900b88 00000004 b fps_init
00900b90 00000008 b fps_enter
00900b98 00000008 b total_frame_time
00900ba0 00000004 b frame_index
00900ba8 00000008 B averageFPS
00900bb0 00000004 b entertic.2
00900bb4 00000004 b oldentertics.1
00900bb8 00000004 B num_tags
00900bbc 00040000 B tags_mapthings
00940bbc 00040000 B tags_lines
00980bbc 00040000 B tags_sectors
009c0bbc 00002000 B tags_available
009c2bbc 00000004 b v_colormap
009c2bc0 00000004 b v_translevel
009c2bc4 00000060 B Cubepal
009c2c24 00000004 B Cubeapply
009c2c28 00000004 B pLocalPalette
009c2c2c 00000004 B pMasterPalette
009c2c30 00000009 b palname.0
009c2c3c 00000014 B screens
009c2c50 00000008 B heatindex
009c2c58 00000004 B lastheight
009c2c5c 00000004 B heatshifter
009c2c60 00000004 b music_stacks
009c2c64 00000004 b last_music_stack
009c2c68 00000004 b channels
009c2c6c 00000004 b numofchannels
009c2c70 00000060 B closedcaptions
009c2cd0 00000004 b music_data
009c2cd4 00000007 b music_name
009c2cdc 00000007 b queue_name
009c2ce4 00000002 b queue_flags
009c2ce8 00000004 b queue_looping
009c2cec 00000004 b queue_position
009c2cf0 00000004 b actualsfxvolume
009c2cf4 00000014 b newsounds
009c2d08 00000004 B numsoundtestdefs
009c2d0c 00000004 B soundtestdefs
009c2d10 00000004 b pause_starttic
009c2d14 00000004 b actualdigmusicvolume
009c2d18 00000004 b actualmidimusicvolume
009c2d1c 00000004 b queue_fadeinms
009c2d20 00000004 B music_stack_fadeout
009c2d24 00000004 B music_stack_fadein
009c2d28 00000004 B music_stack_noposition
009c2d2c 00000007 B music_stack_nextmusname
009c2d34 00008960 B freeslotnames
009cb694 00000002 b lumpnumcacheindex
009cb698 00000a00 b lumpnumcache
009cc098 00000002 B numwadfiles
009cc09c 00000004 B wadfiles
009cc0a0 00000200 b filenamebuf
009cc2a0 00000009 b uname.2
009cc2ac 00000101 b uname.1
009cc3b0 00000009 b uname.0
009cc3bc 00000080 b localhaystack.0
009cc43c 00000021 B menusearch
009cc460 00000004 B direrror
009cc464 00000004 B dirmenu
009cc468 00000004 B coredirmenu
009cc46c 00000004 B sizedirmenu
009cc470 00000004 B sizecoredirmenu
009cc474 00000004 B refreshdirname
009cc478 00000050 B dir_on
009cc4c8 00000400 B menupath
009cc8c8 00000050 B menupathindex
009cc918 00000004 b filenamebuf
009cc91c 00000001 B refreshdirmenu
009cc920 00000004 b pjoyy.1
009cc924 00000004 b pjoyx.0
009cc928 00000004 B gL
009cc92c 00000004 b lua_save_p
009cc930 00000004 B lua_lumploading
009cc934 00000004 b L.0
009cc938 0000000c b q_epicenter.6
009cc944 00000004 b nospawnnull_seen
009cc948 00000001 b seen.5
009cc949 00000001 b seen.2
009cc94a 00000001 b seen.4
009cc94b 00000001 b seen.3
009cc94c 00000004 b reserved.1
009cc950 00000001 b seen.0
009cc954 00000004 b nextid
009cc958 00000004 b hooksErrored
009cc95c 00000004 b hookRefs
009cc960 00000001 b seen.0
009cc964 00000004 b errorRef
009cc968 000000f8 b hookIds
009cca60 00000018 b stringHooks
009cca78 00000038 b hudHookIds
009ccab0 00000004 B hook_cmd_running
009ccab4 0003b340 b mobjHookIds
00a07df4 00000004 b this_cvar
00a07df8 00000004 B astate
00a07dfc 00000001 b seen.2
00a07dfd 00000001 b seen.1
00a07dfe 00000001 b seen.0
00a07e00 0000010c b superstack
00a07f0c 00007da0 B actionsoverridden
00a0fcac 00000001 b seen.1
00a0fcad 00000001 b seen.0
00a0fcb0 00000008 b meta_ref
00a0fcb8 00000004 b blockfuncerror
00a0fcbc 00000004 b hud_enabled
00a0fcc0 00000004 B hud_running
00a0fcc4 00000004 b lib_draw_ref
00a0fcc8 00000004 B ignoregameinputs
00a0fccc 00020404 b colormix_lut
00a300d0 00000008 b numwrittenbytes
00a300d8 00000008 b numopenedfiles
00a300e0 00000008 B luaO_nilobject_
00a300e8 00000014 b dummynode_
00a300fc 00000fe0 B netnodes
00a310dc 00000001 B servernode
00a310e0 00000004 b gametime
00a310e4 00000080 b pingtimeout
00a31164 00000080 B realpingtable
00a311e4 00000080 B playerpingtable
00a31264 00000020 B playernode
00a31284 00000004 B serverplayer
00a31288 000000fe B motd
00a31388 00000004 B maketic
00a3138c 00000004 B neededtic
00a31390 00000008 B server_context
00a31398 00000004 B serverrunning
00a3139c 00000004 b dedicatedidle.1
00a313a0 00000004 b dedicatedidletimeprev.0
00a313a4 00000004 b resptime.2
00a313a8 00000004 B hu_stopped
00a313ac 00000800 B consistancy
00a31bac 00000002 B software_MAXPACKETLENGTH
00a31bb0 00000004 B adminpasscount
00a31bb4 00000004 B adminpassmd5
00a31bb8 00000800 B playeraddress
00a323b8 00000004 B joindelay
00a323bc 00000020 b downloadsize.0
00a323dc 00000001 B cl_mode
00a323e0 00000004 b snake
00a323e4 00000004 B serverlistcount
00a323e8 00000004 B firstconnectattempttime
00a323ec 00000004 B serverisfull
00a323f0 00000002 b cl_lastcheckedfilecount
00a323f2 00000001 B mynode
00a323f4 00028aac B serverlist
00a5aea0 00000009 B localcmds
00a5aeac 00000009 B localcmds2
00a5aeb8 00000004 B firstticstosend
00a5aebc 00000004 B cl_packetmissed
00a5aec0 00048000 B netcmds
00aa2ec0 00000004 B tictoclear
00aa2ec4 00000068 b listnetxcmd
00aa2f2c 00000100 B localtextcmd
00aa302c 00000100 B localtextcmd2
00aa312c 00000010 B textcmds
00aa313c 00000004 B cl_redownloadinggamestate
00aa3140 00000001 B hu_redownloadinggamestate
00aa3144 00000004 b reasontail
00aa3148 00000004 b reasonhead
00aa314c 00000004 b bans_loaded
00aa3150 00000004 B doomcom
00aa3154 00000004 B debugfile
00aa3158 00000004 B netbuffer
00aa315c 00000004 b statstarttic
00aa3160 00000008 B sendbytes
00aa3168 00000004 B sendbps
00aa3170 00000008 b oldsendbyte.0
00aa3178 00000004 B getbps
00aa317c 00000004 B getbytes
00aa3180 00000004 b sendackpacket
00aa3184 00000004 b retransmit
00aa3188 00000004 B lostpercent
00aa318c 00000004 b getackpacket
00aa3190 00000004 b duppacket
00aa3194 00000004 B duppercent
00aa3198 00000004 B ticruned
00aa319c 00000004 B ticmiss
00aa31a0 00000004 B gamelostpercent
00aa31a4 00000004 b rebound_head
00aa31a8 00000004 b rebound_tail
00aa31ac 00000010 b reboundsize
00aa31bc 00000004 B packetheaderlength
00aa31c0 00000004 B I_NetSend
00aa31c4 00000004 B I_NetFreeNodenum
00aa31c8 00000004 B I_NetGet
00aa31cc 00000004 B I_NetMakeNodewPort
00aa31d0 00000004 B I_NetCloseSocket
00aa31d4 00000002 B hardware_MAXPACKETLENGTH
00aa31d8 00000004 B I_NetOpenSocket
00aa31e0 00003790 b nodes
00aa6970 00022500 b ackpak
00ac8e70 00000004 B bannednode
00ac8e74 00000004 B I_SetBanAddress
00ac8e78 00000004 B I_GetBanMask
00ac8e7c 00000004 B I_GetBanAddress
00ac8e80 00000004 B I_GetNodeAddress
00ac8e84 00000004 B I_ClearBans
00ac8e88 00000004 B I_Ban
00ac8e8c 000029a0 b reboundstore
00acb830 00000080 B adminplayers
00acb8b0 00000004 B cv_debug
00acb8b4 00000004 B gametyperules
00acb8b8 00000004 B timelimitintics
00acb8bc 00000004 B splitscreen
00acb8c0 00000002 B gametype
00acb8c4 00000100 B timedemo_name
00acb9c4 00000004 B timedemo_csv
00acb9c8 00000100 B timedemo_csv_id
00acbac8 00000004 B timedemo_quit
00acbacc 00000004 b snacpending
00acbad0 00000004 b snac2pending
00acbad4 00000207 b buf.0
00acbcdc 00000004 B mapchangepending
00acbce0 00000004 b chmappending
00acbce4 00000220 B timelimits
00acbf04 00000220 B pointlimits
00acc124 00000004 B circuitmap
00acc128 00000004 B luafiletransfers
00acc12c 00000de4 b transfer
00accf10 00000004 b filestosend
00accf14 00000004 B fileneeded
00accf18 00000004 B fileneedednum
00accf1c 00000118 B filedownload
00acd034 00000004 b pauseddownload
00acd038 00000004 B waitingforluafiletransfer
00acd03c 00000004 B waitingforluafilecommand
00acd040 00000004 b id.1
00acd044 00000004 b currentnode.0
00acd048 00000004 b lasttimeackpacketsent
00acd04c 00000004 B curl_logins
00acd050 00000004 b mysocketses
00acd054 00000010 b s.1
00acd064 00000004 b numbans
00acd068 00000004 b bannedmask
00acd06c 00000004 b banned
00acd070 00000200 b nodeconnected
00acd270 00000800 b clientaddress
00acda70 00000200 b myfamily
00acdc70 00000040 b s.0
00acdcb0 00000800 b broadcastaddress
00ace4b0 00000004 b broadcastaddresses
00ace4b4 00000004 b init_tcp_driver
00ace4b8 00000004 b clientport_name
00ace4bc 00000200 b SOCK_bannednode
00ace6bc 00001463 B room_list
00acfb20 00000002 B current_port
00acfb24 00000004 b shuttingdown
00acfb28 00000004 b nquits
00acfb2c 00000040 b quits
00acfb6c 00000004 b started
00acfb70 00000012 b nothing
00acfb82 00000001 B keyboard_started
00acfb83 00000001 B graphics_started
00acfb84 00000004 B logstream
00acfb88 00000200 b pal
00acfd88 00000004 B allow_fullscreen
00acfd8c 00000001 B sound_started
00acfd8d b completed.1
00acfd90 b object.0
00acfda8 00000064 b escapeSeq
00acfe0c 00000048 B currentCopy
00acfe54 00000004 b screenAlloc
00acfe58 00000004 b screenFree
00acfe5c 00000002 b gfxIsDoubleBuf
00acfe60 00000002 b gfxCurBuf
00acfe62 00000001 b gfxIsVram
00acfe63 00000001 b gfxTopMode
00acfe64 00000002 b gfxFramebufferFormats
00acfe68 00000004 b gfxBottomFramebufferMaxSize
00acfe6c 00000004 b gfxTopFramebufferMaxSize
00acfe70 00000008 b gfxBottomFramebuffers
00acfe78 00000008 b gfxTopFramebuffers
00acfe80 00000001 b flagValue.0
00acfe81 00000001 b flagInit.1
00acfe84 00000004 b serviceName.6
00acfe88 00000001 b aptChainloadFlags
00acfe89 00000001 b aptChainloadMediatype
00acfe8c 00000020 b aptChainloadHmac
00acfeac 00000300 b aptChainloadDeliverArg
00ad01b0 00000008 b aptChainloadTid
00ad01b8 00001000 b aptParameters
00ad11b8 00000004 b aptFlags
00ad11bc 00000001 b aptHomeButtonState
00ad11c0 00000004 b aptMessageFuncData
00ad11c4 00000004 b aptMessageFunc
00ad11c8 0000000c b aptFirstHook
00ad11d4 00000001 b aptEventHandlerThreadQuit
00ad11d8 00000004 b aptEventHandlerThread
00ad11dc 00000008 b aptSleepEvent
00ad11e4 00000008 b aptReceiveEvent
00ad11ec 00000008 b aptEvents
00ad11f4 00000004 b aptLockHandle
00ad11f8 00000004 b aptRefCount
00ad11fc 00000007 b gspEventCbOneShot
00ad1204 0000001c b gspEventCbData
00ad1220 0000001c b gspEventCb
00ad123c 00000038 b gspEvents
00ad1274 00000004 b gspLastEvent
00ad1278 00000001 b gspRunEvents
00ad127c 00000004 b gspEventThread
00ad1280 00000004 b gspEvent
00ad1284 00000001 b gspGpuRight
00ad1285 00000001 b gspThreadId
00ad1288 00000004 b gspSharedMem
00ad128c 00000004 b gspSharedMemHandle
00ad1290 00000004 b gspRefCount
00ad1294 00000004 b gspGpuHandle
00ad1298 00000001 b usingIrrst
00ad129c 00000004 b hidRefCount
00ad12a0 00000006 b gRate
00ad12a8 00000006 b aVec
00ad12b0 00000004 b cPos
00ad12b4 00000004 b tPos
00ad12b8 00000004 b kRepeat
00ad12bc 00000004 b kUp
00ad12c0 00000004 b kDown
00ad12c4 00000004 b kHeld
00ad12c8 00000004 b kOld
00ad12cc 00000004 B hidSharedMem
00ad12d0 00000014 B hidEvents
00ad12e4 00000004 B hidMemHandle
00ad12e8 00000004 B hidHandle
00ad12ec 00000004 b irrstRefCount
00ad12f0 00000004 b csPos
00ad12f4 00000004 b kHeld
00ad12f8 00000004 B irrstSharedMem
00ad12fc 00000004 B irrstEvent
00ad1300 00000004 B irrstMemHandle
00ad1304 00000004 B irrstHandle
00ad1308 00000004 B SOCU_handle
00ad130c 00000004 B __system_retAddr
00ad1310 00000004 B __system_argv
00ad1314 00000004 B __system_argc
00ad1318 b saved_stack
00ad1320 00000008 b sLinearPool
00ad1328 0000000c b sAddrMap
00ad1338 00000008 b sVramPoolB
00ad1340 00000008 b sVramPoolA
00ad1348 0000000c b sAddrMap
00ad1354 00000004 B __3dslink_host
00ad1358 00000001 V __ctru_speedup
00ad135c 00000004 b srvRefCount
00ad1360 00000004 b srvHandle
00ad1364 00000004 b arbiter
00ad1368 00000004 b currentAddr
00ad136c 00000004 b maxAddr
00ad1370 00000004 b minAddr
00ad1374 00000004 b ptmSysmRefCount
00ad1378 00000004 b ptmSysmHandle
00ad137c 00000004 b srvPmHandle
00ad1380 00000004 V __ctru_linear_heap_size
00ad1384 00000004 V __ctru_heap_size
00ad1388 00000004 B __ctru_linear_heap
00ad138c 00000004 B __ctru_heap
00ad1390 000005c0 b archive_devices
00ad1950 00000004 b archive_device_cwd
00ad1954 00000001 b archive_initialized
00ad1958 00000080 b fsExemptArchives
00ad19d8 00000004 b fsuRefCount
00ad19dc 00000004 b fsuHandle
00ad19e0 000000e0 b saved_categories.0
00ad1ac0 000000e0 b new_categories.1
00ad1ba0 00000028 B __malloc_current_mallinfo
00ad1bc8 00000004 B __malloc_max_total_mem
00ad1bcc 00000004 B __malloc_max_sbrked_mem
00ad1bd0 00000004 B __malloc_top_pad
00ad1bd4 0000000c b __sfp_recursive_mutex
00ad1be0 00000168 B __sf
00ad1d48 00000004 B __stdio_exit_handler
00ad1d4c 0000000c b __malloc_recursive_mutex
00ad1d58 00000004 b prev_tzenv
00ad1d5c 0000000c b __tzname_dst
00ad1d68 0000000c b __tzname_std
00ad1d74 0000000c b __env_recursive_mutex
00ad1d80 00000004 B _timezone
00ad1d84 00000004 B _daylight
00ad1d88 00000004 b __tz_mutex
00ad1d8c 00000004 b initial_env
00ad1d90 00000400 b temp_cwd
00ad2190 00000004 b __hndl_lock
00ad2194 00000004 B fake_heap_start
00ad2198 00000004 B fake_heap_end
00ad219c 00000004 b heap_start.0
00ad21a0 B __tls_start
00ad2da8 B __bss_end__
00ad2da8 A __end__
00ad2da8 B __tls_end
